gpus,turn,elapsed_seconds,input_tokens,output_tokens,cached_tokens,decode_seconds,decode_tps,ttft_seconds,request_seconds
1,1,14.696826934814453,8174,84,0,0.8670816421508789,96.87669063276437,12.40382910000335,13.215894499997376
1,1,18.745320558547974,8418,244,8192,2.655390739440918,91.8885482184717,0.4297080999967875,3.0473197999963304
1,1,20.49607253074646,8862,91,8192,0.8141155242919922,111.7777481017077,0.92245460000413,1.6985389000037685
1,1,38.304056882858276,8990,97,8704,0.8431107997894287,115.05012155487304,0.765244199996232,1.567503799997212
1,1,57.374223709106445,9417,247,8960,2.2584152221679688,109.36872793608433,1.1489109000031021,3.3695258000007016
1,1,60.81119203567505,10020,242,9216,2.19427227973938,110.2871335679194,1.2366717999975663,3.39222759999393
1,1,66.79234480857849,10398,525,9984,5.2122180461883545,100.72487285598643,0.7503628999984358,5.923121899999387
1,1,83.36504483222961,11067,1451,10240,15.571071863174438,93.18562092257841,0.9812087000027532,16.512897499997052
1,1,92.70647120475769,12659,775,12288,8.442641258239746,91.7959174498413,0.7251732000004267,9.127699299999222
1,1,97.09793639183044,13576,330,12544,3.1143486499786377,105.96116141404514,1.2555100000026869,4.329570800000511
1,1,105.29975533485413,14054,664,13568,7.302528619766235,90.9274081039145,0.8609634000022197,8.123230799996236
1,1,122.55280470848083,14862,1545,13824,14.865221500396729,103.93387007107607,2.370917800006282,17.197841000001063
1,1,146.0659258365631,16486,2359,15872,22.582818031311035,104.45994812203026,0.9304845000006026,23.469903900004283
1,1,152.6606993675232,18924,486,17920,5.254514455795288,92.4918951291461,1.3424068999956944,6.555762899995898
1,1,159.5100555419922,19489,294,18688,3.1848530769348145,92.31195062943162,3.690718999998353,6.809053400000266
1,1,169.12123942375183,20133,804,19456,8.48798394203186,94.72213961417296,1.1074105000006966,9.555161600001156
1,1,178.2597291469574,21079,636,19968,7.689431667327881,82.71092422894415,1.435039299998607,9.083662199998798
1,1,197.16968703269958,21788,1407,20992,17.818893432617188,78.96113220052767,1.0810515000048326,18.857550900000206
1,1,199.79957008361816,23271,228,23040,2.091782808303833,108.9979318574086,0.5296901000037906,2.578634700003022
1,1,201.73889636993408,23855,80,23040,0.7960889339447021,100.49128506735022,1.1458673000015551,1.8991735000017798
1,1,206.78125262260437,24300,274,23808,2.5764198303222656,106.3491271008139,0.9642923999999766,3.499951999998302
1,1,210.87528324127197,24653,305,24064,3.11433482170105,97.93423554677689,0.972631899996486,4.042729000000691
1,1,212.5678882598877,25037,78,24576,0.7225921154022217,107.94471505765365,0.9722648000024492,1.652106300003652
1,1,215.31411242485046,25373,89,24832,0.8555879592895508,104.02203424403304,0.880245799999102,1.6937432999984594
1,1,219.52236318588257,25611,235,25344,2.346320390701294,100.15682467378662,1.7958958000017446,4.100115499997628
1,1,224.73963832855225,25934,77,25600,0.8015949726104736,96.05848668092547,1.007509899995057,1.7675846999991336
1,1,226.06891894340515,26140,74,25856,0.6795547008514404,108.89483938126325,0.6446231000008993,1.2808162000001175
1,1,229.69789052009583,27054,219,26112,1.9911484718322754,109.98677552079978,1.447576200000185,3.3958369999963907
1,1,241.05016136169434,27628,831,26880,10.14065957069397,81.94733234133517,1.2224830999984988,11.318724199998542
1,2,247.10645270347595,29005,152,27392,1.561161994934082,97.36337452053975,2.3166382999988855,3.8339349999951082
1,2,251.44964051246643,29217,298,28928,3.6299309730529785,82.09522500902132,0.656456500000786,4.243543199998385
1,2,270.29206800460815,29914,1580,29184,17.5808687210083,89.87041681916294,1.2520331999985501,18.788364200001524
1,2,289.0357439517975,31572,1687,31232,17.900067567825317,94.24545430388864,0.8142571999997017,18.670048699998006
1,2,333.31354212760925,33335,3888,31488,41.782596588134766,93.05309668341907,2.4890030000024126,44.227284400003555
1,2,339.31123971939087,37300,326,35584,3.3957629203796387,96.00199061115666,2.5962065999992774,5.9460609999950975
1,2,354.0062382221222,37705,1197,37120,13.589891195297241,88.08017538905828,1.0950385999967693,14.638549299997976
1,2,364.6976490020752,38979,816,37632,8.54254150390625,95.52192396453297,2.145144199996139,10.641649700002745
1,2,376.157342672348,39941,1056,39680,10.763478755950928,98.10954468750703,0.6800547000020742,11.395622099997126
1,2,379.80865383148193,41076,174,39936,1.8142831325531006,95.90564828497482,1.8295914999980596,3.595778800001426
1,2,382.7725305557251,41329,160,40960,1.6357309818267822,97.81559546014847,1.324360999999044,2.912519199999224
1,2,411.2935519218445,41568,2142,41216,27.637847185134888,77.50241853685631,0.8847469999964233,28.475606699998025
1,2,415.4430179595947,44059,276,43264,2.7843823432922363,99.1243177018783,1.3590689999982715,4.095730799999728
1,2,421.7346148490906,44779,439,44032,4.849116086959839,90.53196337793426,1.4466778999994858,6.24910579999414
1,2,460.2668843269348,45299,3103,44544,37.0676908493042,83.71171575308006,1.461168000001635,38.48001379999914
1,2,465.48955392837524,48478,204,46592,2.2351982593536377,91.26707178941325,2.9842493000032846,5.169706700005918
1,2,482.87845754623413,48760,1349,48640,16.891147136688232,79.86432117863204,0.4949253000013414,17.33776389999548
1,2,504.1713807582855,50186,1574,48640,18.717615842819214,84.09190642748692,2.5716854999991483,21.24150589999772
1,2,507.17475152015686,51836,91,50688,0.9851362705230713,92.37300739285777,2.0095464999976684,2.9448512000017217
1,2,514.1663286685944,52808,219,51712,2.574869394302368,85.05285762633238,2.105437100006384,4.635914000005869
1,2,521.542421579361,53106,508,52736,6.348332643508911,80.02101158316326,1.0215661999973236,7.320812400001159
1,2,524.9195671081543,53693,166,52992,1.8887202739715576,87.89019861100925,1.4929843999998411,3.332373400000506
1,2,526.9582660198212,53938,79,53504,0.8422493934631348,93.79644629385872,1.1963271999993594,1.989398899997468
1,2,533.6156725883484,54985,211,53760,2.739319324493408,77.02643430919503,2.2472855000014533,4.9387882000009995
1,2,537.0839955806732,55274,188,54784,2.2053418159484863,85.2475560207631,1.2578936999998405,3.4126908000034746
1,2,542.9354887008667,55540,404,55040,4.576211452484131,88.28263383255474,1.2768187999972724,5.801852999997209
1,2,545.3545343875885,56022,79,55296,0.8396022319793701,94.09217483111826,1.5866638000006787,2.375808800003142
1,2,550.0909328460693,56444,156,55808,1.790153980255127,87.14334170168277,1.3596294999952079,3.0985762999989674
1,2,555.1027591228485,57002,201,56320,2.924312114715576,68.73411322564986,1.543017800002417,4.415140800003428
1,2,561.4483621120453,57248,194,56832,2.7918829917907715,69.48715278198833,3.39450869999564,6.137692999996943
1,2,564.4746949672699,57521,163,57088,1.8157527446746826,89.76993176964946,1.2047060000040801,2.969254700001329
1,2,569.3658707141876,57884,228,57344,3.0408365726470947,74.9793665502788,1.1610235999978613,4.151089500002854
1,2,571.4902451038361,58250,69,57856,0.7971081733703613,86.5629061464164,1.1685671000013826,1.9152402999970946
1,2,575.6431641578674,58740,231,58112,2.725856304168701,84.74401223818275,1.398741600001813,4.073036400004639
1,2,582.400990486145,59347,108,58624,1.5417718887329102,70.04927304048768,1.8164271999994526,3.3079292999973404
1,2,585.8371381759644,59586,180,59136,2.145331859588623,83.90310300734349,1.2820961999968858,3.3764148999980534
1,2,593.218603849411,60129,505,59392,5.749109745025635,87.83968690751584,1.63372309999977,7.33080340000015
1,2,600.0269918441772,60709,432,59904,5.228825569152832,82.61893503362595,1.581290899994201,6.7597831999955815
1,2,604.8946478366852,61219,273,60672,3.6394522190093994,75.01128839501737,1.2277520000061486,4.816456400003517
1,2,610.647038936615,61570,329,61184,4.554603576660156,72.23460713155025,1.2050335000021732,5.70883909999975
1,2,613.0035943984985,61977,95,61440,1.1461236476898193,82.88808994691495,1.2092084999967483,2.304070699996373
1,2,618.4605324268341,62254,275,61952,2.995903730392456,91.79200159545036,0.898536900000181,3.8434171000044444
1,2,634.2430562973022,62972,920,62208,14.100689172744751,65.24503793603718,1.684041000000434,15.732882700001937
1,3,641.8262882232666,64441,157,62720,2.0127499103546143,78.00273605394875,3.4442183999999543,5.404639100001077
1,3,644.9058508872986,64658,149,64256,1.7998151779174805,82.7862781846323,1.2271900000050664,2.977122700001928
1,3,649.4697287082672,64867,228,64512,3.4274468421936035,66.52181944682692,1.0938335999962874,4.470706300002348
1,3,667.9391489028931,65453,1416,64768,16.793792009353638,84.31687133027077,1.6634894000017084,18.405260200001067
1,3,681.4221982955933,66948,1045,66816,12.783987760543823,81.74288176536444,0.6837859000006574,13.41615279999678
1,3,687.8724205493927,68074,327,66816,3.9079697132110596,83.67516229579836,2.530086400001892,6.384465300005104
1,3,692.7696533203125,68482,282,67840,3.2456493377685547,86.8855414287855,1.6275057000020752,4.819889099999273
1,3,698.1057925224304,68843,296,68352,3.9009554386138916,75.87884677431134,1.4284076999974786,5.275858599998173
1,3,700.7711627483368,69220,88,68608,1.1731231212615967,75.0134392589273,1.485318000006373,2.60561100000632
1,3,704.0020349025726,69344,148,69120,2.394754648208618,61.8017382744034,0.8326005000053556,3.174251500000537
1,3,708.7448902130127,69589,154,69120,2.2443156242370605,68.61779971449035,1.3916300999990199,3.5832848999998532
1,3,711.713515996933,69800,77,69376,1.0761654376983643,71.55033724617918,1.3448595000008936,2.3663472999978694
1,3,715.0691537857056,70062,133,69632,1.9192659854888916,69.29732564719065,1.3424438999936683,3.206680099996447
1,3,721.8242623806,70506,347,69888,4.770665168762207,72.73618829343086,1.496157100002165,6.213597499998286
1,3,787.2534947395325,71108,4658,70400,63.00132346153259,73.93495476081682,1.7694160000028205,64.71643469999981
1,3,791.4768688678741,75842,97,74496,1.3406522274017334,72.35284290542073,2.873008000002301,4.158179400001245
1,3,804.5355727672577,76498,574,75776,8.166346549987793,70.28846945037594,2.070038100006059,10.181676000000152
1,3,807.5204770565033,77151,77,76288,0.9326004981994629,82.56482829320919,1.9507989999983693,2.8287598000024445
1,3,827.4494917392731,77452,1131,77056,15.399150133132935,73.44561162284738,1.6040038999999524,16.948984499998915
1,3,831.3149499893188,78661,77,77312,0.9446196556091309,81.5142894209068,2.9164505999942776,3.806028899998637
1,3,837.5761802196503,78971,133,78592,1.8827126026153564,70.64275227947378,1.5056301000004169,3.331029300003138
1,3,848.4535646438599,80185,490,78848,6.971503973007202,70.28612504521537,2.8174972999986494,9.732868499995675
1,3,851.0475101470947,80754,77,80128,0.9506254196166992,80.99930678378777,1.6349630000040634,2.5280608000030043
1,3,857.9707429409027,81213,196,80640,2.4683263301849365,79.4060321778097,1.7097633999946993,4.122449999995297
1,3,860.3025724887848,81683,76,81152,0.9450812339782715,80.41636768098955,1.3890423999982886,2.2761314999952447
1,3,877.8925516605377,81795,1206,81664,16.830416917800903,71.65597892732288,0.7660925000018324,17.53991230000247
1,3,882.3241753578186,83076,93,81664,1.209634780883789,76.88270994659388,3.2254601000022376,4.377780100003292
1,3,894.3166081905365,83318,818,82944,10.702618837356567,76.42989182655386,1.2541896000038832,11.901789200004714
1,3,901.9788272380829,84323,78,83200,1.0211741924285889,76.3826588826123,2.7484005999940564,3.712602599996899
1,3,904.11088514328,84528,81,84224,1.0766198635101318,75.23546866013932,1.0470626999958768,2.0661283999943407
1,3,911.1320941448212,85245,172,84480,2.092219829559326,82.2093345880521,2.1683884999947622,4.204005299994606
1,3,928.1239392757416,85690,858,84992,15.117762088775635,56.754431969599025,1.8818241999979364,16.94370579999668
1,4,936.1045129299164,87099,214,85504,3.179872989654541,67.29828540203701,3.3748646000021836,6.495797600000515
1,4,943.250504732132,87411,148,87040,2.3046371936798096,64.21835089960025,1.5179836999959662,3.763962500001071
1,4,948.3923070430756,87708,242,87296,3.640065908432007,66.48231270742123,1.4526098999995156,5.035614600004919
1,4,989.2323725223541,88269,2942,87552,38.82188177108765,75.78200400865256,1.9994130999984918,40.76321199999802
1,4,1104.0697531700134,91581,7594,89600,110.42034435272217,68.77355839193946,4.366357100007008,114.726865800003
1,4,1111.3036630153656,99256,268,97792,3.559892416000366,75.28317395083111,3.6538202000010642,7.15154800000164
1,4,1193.4399721622467,99605,5765,99072,80.56008577346802,71.56149282426246,1.5471891999986838,82.04712740000105
1,4,1207.8780658245087,105451,775,105216,13.370939493179321,57.96152173116458,1.0511762999958592,14.359703999994963
1,4,1246.8845310211182,106305,2044,105216,34.081759452819824,59.9734295651478,4.915287099996931,38.934066699999676
1,4,1251.4837901592255,108427,97,107264,1.4816653728485107,65.46687381477837,3.1087992999964627,4.5280766999931075
1,4,1458.839362859726,109316,227,108288,3.8685357570648193,58.67853220315898,2.6311745999992127,6.438536399997247
1,4,1492.5484399795532,109693,136,109312,2.026716709136963,67.10360623508794,1.6170324999984587,3.580815799999982
1,4,1507.466502904892,109874,447,109568,7.389767408370972,60.489048612497314,1.3876295999943977,8.715114699996775
1,4,1516.5776343345642,110593,434,109824,6.4528892040252686,67.25669483512497,1.9379681999998866,8.327934499997355
1,4,1521.4854290485382,111108,126,109824,1.7332179546356201,72.69714675122286,3.1662963000053423,4.839780900001642
1,4,1555.8955945968628,111657,624,111104,9.755050420761108,63.966865683438904,1.957300900001428,11.649111200000334
1,4,1565.7138097286224,112474,156,111616,2.720867395401001,57.334657419792684,2.64877140000317,5.305765099998098
1,4,1577.853226184845,112653,615,112384,9.756048440933228,63.037817383076806,2.2477509999953327,11.941180299996631
1,4,1587.3882381916046,113359,146,112640,2.664423942565918,54.79608468740817,2.475379099996644,5.0777984999949695
1,4,1599.4404182434082,113671,672,113152,10.321178197860718,65.108845823366,1.625408799998695,11.884561899998516
1,4,1693.9362726211548,114490,137,113664,1.9042298793792725,71.94509522382786,2.525291500001913,4.3679975000050035
1,4,1708.5184371471405,114651,85,114432,1.1897039413452148,71.4463464783426,1.265483499999391,2.3930362000028254
1,4,1741.5947952270508,114825,85,114432,1.1381287574768066,74.68399286249664,1.8888200000001234,2.963427499998943
1,4,1806.3465654850006,115240,141,114688,2.662313461303711,52.96145703705137,2.0394006999995327,4.638164699994377
1,4,1824.0367670059204,116539,794,115200,14.245815753936768,55.735663981234744,3.4218989000000875,17.60556760000327
1,4,1841.581922531128,117681,748,117248,13.152109622955322,56.87300527775877,1.9332544000062626,15.02181340000243
1,4,1851.8166224956512,118490,255,117504,4.791431188583374,53.22000670855775,3.082355099999404,7.808572400004778
1,4,1864.82705616951,118874,629,118272,10.909379005432129,57.65681068434792,1.9499203999948804,12.794279399997322
1,4,1884.0787346363068,119658,860,118784,15.90648341178894,54.06600426607298,2.5245099000021582,18.365562500002852
1,4,1902.6864063739777,120634,680,119552,12.10960602760315,56.15376738516341,3.0596244999978808,15.104616099997656
1,4,1918.584291934967,121498,721,120576,12.347593784332275,58.39194361211242,2.786694100002933,15.070242000001599
1,4,1936.5719857215881,122506,819,121344,13.867889404296875,59.057292434581875,3.3323717000021134,17.134400599999935
1,4,1949.4061348438263,123533,584,122368,8.676666975021362,67.30695112319465,3.360219900001539,11.96965729999647
1,4,1972.6730148792267,124681,765,123392,13.74789571762085,55.64487945740598,3.6960064000013517,17.3778947000028
1,4,1993.1495940685272,125551,770,125440,13.678301095962524,56.293540740032675,1.0326413000002503,14.644453000000794
1,4,2021.3457989692688,126553,950,125440,18.944519758224487,50.14642820848342,3.4515930999987177,22.33128160000342
1,4,2030.5307853221893,127597,463,127488,7.522386312484741,61.54961747066472,0.791723299997102,8.247139500002959
1,4,2041.7789850234985,128138,590,127488,8.890029430389404,66.36648445540148,2.3350078000003123,11.15701640000043
1,4,2047.2554190158844,128750,138,128000,2.1494901180267334,64.20127212619438,2.5149335999958566,4.595892199999071
1,4,2203.884022474289,129383,425,128512,7.8268396854400635,54.30033283939741,2.8627166000005673,10.621919300006994
1,4,2209.7028529644012,129889,236,129280,3.743959426879883,63.03487113285204,2.060013099995558,5.7389641999980086
1,4,2215.9996178150177,130206,233,129792,4.504136323928833,51.730228226476186,1.789740799998981,6.22863750000397
1,4,2375.0039150714874,130912,638,130048,10.011752605438232,63.7251063968009,2.9230860999959987,12.868506699996942
1,4,2395.533396244049,131875,571,130816,11.816744565963745,48.32126114028687,3.2076279999964754,14.958083199999237
1,4,2400.05886054039,132527,107,131840,2.0642640590667725,51.834453799662306,2.434960400001728,4.432621399995696
1,4,2407.6436281204224,132670,343,132352,6.226866006851196,55.0838896521315,1.3328048999974271,7.4936702999984846
1,4,2418.691104412079,133092,601,132608,9.030678749084473,66.5509223280619,2.016110900003696,10.979163800002425
1,4,2424.2925283908844,133715,133,132864,2.0192670822143555,65.8654821699715,2.691316199998255,4.6421858000030625
1,4,2583.432475090027,134321,624,133632,10.529577732086182,59.261635734785486,2.6321565000034752,13.095109900001262
1,4,2611.064599752426,135023,989,134144,19.282449960708618,51.2901629209598,2.8959485000013956,22.112497000001895
1,4,2631.4127068519592,136056,771,134912,14.262311935424805,54.058556809782445,3.608781100003398,17.800462599996536
1,4,2644.257402420044,136866,342,135936,7.162873029708862,47.746204432427405,3.2596132999969996,10.354367899999488
1,4,2657.3973426818848,137615,458,136704,9.85666298866272,46.46603018960863,3.026173000005656,12.813708600006066
1,4,2680.3733472824097,138424,994,137472,19.7280695438385,50.385061639771415,3.1124991000033333,22.770076900000277
1,4,2718.110071659088,139477,1264,138240,28.251973628997803,44.74023714586196,4.062129700003425,32.24386360000062
1,4,2737.7394347190857,140790,862,140288,16.694161415100098,51.63481881877033,2.0927459000013187,18.717544799997995
1,4,2764.739155769348,141696,1001,140544,19.872138500213623,50.372032179085274,3.6955468999949517,23.499191700000665
1,4,2795.3887610435486,142784,954,142592,18.812979459762573,50.709671056646116,1.3872181999977329,20.13198040000134
1,4,2817.149231672287,143790,877,142592,16.401919841766357,53.46935044559723,3.930094100003771,20.260588999997708
1,4,2831.9563550949097,144729,710,144640,13.121190309524536,54.11094445331064,0.8318417999980738,13.883744499995373
1,4,2857.362950563431,145512,991,144640,20.345734357833862,48.70799856965734,3.090892399995937,23.36399469999742
1,4,2876.557199716568,146573,737,145408,14.580270051956177,50.54776059522434,3.8099246000056155,18.319731700001284
1,4,2890.425513982773,147328,338,146432,6.33491849899292,53.35506684951556,3.1248540000015055,9.38939389999723
1,4,2900.6513833999634,147988,481,147200,7.580785274505615,63.44989108418833,2.6210235000035027,10.128585200000089
1,4,2917.5318896770477,148533,503,147968,10.171146154403687,49.45362030632327,2.2958492999969167,12.395448099996429
1,4,2927.3118286132812,149117,478,148480,7.430333137512207,64.33089757265472,2.3272085999997216,9.684481700001925
1,4,2976.1744515895844,149705,1967,148992,40.45922088623047,48.616853140378474,2.982130299998971,43.36801340000238
1,4,2982.391410589218,151753,191,151040,3.3038575649261475,57.81120894183267,2.816421299998183,6.046233000000939
1,4,3001.512858390808,152025,643,151552,16.904128551483154,38.038044850503915,2.1912814999959664,19.020363099996757
1,4,3016.5343668460846,152749,657,151808,11.62069845199585,56.53704918977228,3.3400103999956627,14.886247299997194
1,4,3023.6342442035675,153487,233,152576,3.7801003456115723,61.6385753543544,3.287100100002135,6.992683099997521
1,4,3030.5679790973663,153801,295,153344,4.720308303833008,62.49591785359712,2.193236099999922,6.840566099999705
1,4,3037.3559651374817,154177,289,153600,4.6491358280181885,62.16209005087157,2.1190580999973463,6.696476099998108
1,4,3042.6085274219513,154869,131,154112,2.351567029953003,55.707533883317836,2.866891300000134,5.145197399993776
1,4,3051.099041700363,155185,369,154624,6.288322448730469,58.680196985524546,2.0940528999999515,8.307554400002118
1,4,3062.345804452896,155635,554,155136,8.997032165527344,61.57586077358748,2.247208300002967,11.169706699998642
1,4,3071.3218224048615,156273,189,155392,3.2554080486297607,58.05723804103523,3.3095102999941446,6.489666800000123
1,4,3219.831760406494,156956,975,156160,19.465142250061035,50.08953890367499,2.8583608999979333,22.249634400002833
1,4,3245.3699860572815,157975,947,156928,18.575968265533447,50.97984592044656,3.49505080000381,21.996961400000146
1,4,3301.544193983078,159281,944,157952,19.72137475013733,47.86684559064152,4.368466799998714,24.016214000002947
1,4,3324.5668337345123,160286,906,160000,19.348355531692505,46.82568492789874,1.6995918000029633,20.975572000003012
1,4,3332.698426961899,161272,256,160256,4.504681825637817,56.82976287981293,3.58827459999884,8.016573599998082
1,4,3337.0099713802338,161608,114,161024,1.9261832237243652,59.18440083782667,2.3904451000053086,4.240912600005686
1,4,3475.516448020935,162457,352,161536,8.415288209915161,41.82863274786743,3.613986999996996,11.954707600001711
1,4,3511.397724866867,163223,480,162304,9.874758243560791,48.6087849606852,3.6562245999957668,13.458639500000572
1,4,3516.2655658721924,163784,115,163072,1.922842264175415,59.80729784370337,2.903917600000568,4.7527007999960915
1,4,3690.3873229026794,164370,218,163584,4.71518611907959,46.2335938591866,2.9604264000008698,7.60177890000341
1,4,3696.5885984897614,164697,214,164352,4.340643405914307,49.301446810492685,1.7548341000001528,6.022309200001473
1,4,3701.4299306869507,165034,146,164608,2.546261787414551,57.33895890895294,2.145688500000688,4.6160355000029085
1,4,3828.5614597797394,165729,276,164864,6.438842058181763,42.86485015567201,3.3483957999997074,9.71485229999962
1,4,3841.5691299438477,166213,442,165632,7.963304042816162,55.50459929992702,2.609738400002243,10.50020570000197
1,4,3845.3331084251404,166707,91,166144,1.5921804904937744,57.154324238565856,2.167858000000706,3.6838839999982156
1,4,3851.113132715225,167003,249,166656,4.001343727111816,62.22909526938568,1.784369400003925,5.709498900003382
1,4,3859.9832231998444,167573,260,166912,6.117754220962524,42.499255545296066,2.751130299999204,8.793188200004806
1,4,3995.969782114029,168367,256,167424,5.113701105117798,50.06158841466016,3.787567899998976,8.827509900002042
1,4,4003.101657629013,168647,128,168192,2.2553091049194336,56.75496973820471,2.5224110999988625,4.7017913999952725
1,4,4021.8361291885376,168955,755,168448,13.934704780578613,54.18126985024293,2.470085199995083,16.330423899999005
1,4,4027.317415714264,169791,112,168704,1.8927891254425049,59.17193758909415,3.5794559999994817,5.394080199999735
1,4,4039.2603561878204,170324,540,169728,9.46362853050232,57.0605659615147,2.483007399998314,11.869134100001247
1,4,4044.593166589737,170944,126,170240,2.463283061981201,51.15124686428002,2.872014400003536,5.257954900000186
1,4,4054.4635457992554,171973,293,170752,5.441094636917114,53.849458528442675,4.426574800003436,9.790262200003781
1,4,4060.5105175971985,172346,218,171776,3.7398552894592285,58.2910254881873,2.2655877999932272,5.926961099998152
1,4,4064.693996191025,172644,127,172288,2.322890520095825,54.673261137920925,1.8615791000047466,4.106565500005672
1,4,4090.021309375763,173414,274,172544,5.031224489212036,54.45990346634532,3.4005499000049895,8.352951700006088
1,4,4095.9386990070343,173768,191,173312,3.5570805072784424,53.695720299042655,2.3598445000025094,5.839807900003507
1,4,4119.229687213898,174505,410,173568,8.47222352027893,48.39343520843529,3.803620399994543,12.198522899998352
1,4,4126.913487195969,174995,276,174336,4.809162616729736,57.3904486073881,2.8401234000048134,7.570687400002498
1,4,4132.387524604797,175351,164,174848,3.070915699005127,53.40426637342421,2.3990061999938916,5.390782700000273
1,4,4165.419649600983,175923,1093,175104,22.103981733322144,49.4481045626401,3.1289066999961506,25.15718719999859
1,4,4191.746375083923,177046,919,175872,17.79361081123352,51.64775209199326,4.555339899998216,22.26876039999479
1,4,4220.777836322784,177989,1196,177920,23.939017295837402,49.96027970655105,1.077025999999023,24.93757199999527
1,4,4250.000612974167,179213,1068,177920,21.523900985717773,49.61925817762651,4.662549200002104,26.108988100000715
1,4,4262.71262216568,180308,341,179968,6.552853345870972,52.038399457675645,2.0884731999976793,8.560934299996006
1,4,4268.028030395508,180970,122,180224,2.138259172439575,57.05575898959348,3.1770375999985845,5.234083800001827
1,4,4294.508141517639,181409,257,180736,6.361384868621826,40.40000806548877,3.0348144000017783,9.316673100001935
1,4,4298.481163978577,181693,93,181248,1.617110013961792,57.51000191518036,2.259511600001133,3.796036300002015
1,4,4309.43411231041,182050,466,181504,8.673904418945312,53.72436419545679,2.291975399995863,10.886911099994904
1,4,4314.080899000168,182597,116,182016,2.0467097759246826,56.676330647608495,2.582635400001891,4.548996600002283
1,4,4332.0304045677185,183000,155,182528,2.8893883228302,53.644572027679246,2.6612644999986514,5.469837299999199
1,4,4340.768433332443,183507,140,182784,2.55580735206604,54.7772115479784,3.4281899000052363,5.903994700005569
1,4,4363.347476243973,183831,293,183296,5.190058708190918,56.45408201984098,2.5418109000020195,7.652749799999583
1,4,4385.325835943222,184514,971,183808,18.777292013168335,51.71139689999213,3.190953700002865,21.886081299999205
1,4,4395.864429950714,185505,63,184320,1.2866835594177246,48.96308772959686,4.639485899999272,5.846450599994569
1,4,4399.427238941193,185610,101,185344,2.058689594268799,49.06033443855482,1.4470666000052006,3.4259617000061553
1,4,4402.576970338821,185753,96,185600,1.8095474243164062,53.051939236279466,1.3268158999999287,3.054458099999465
1,4,4407.743322610855,185891,152,185600,3.523252248764038,43.14195784685068,1.6289386999997078,5.07092179999745
1,4,4417.8916165828705,186425,370,185856,7.762840986251831,47.662962651853675,2.369412599997304,10.051439700000628
1,4,4427.530141353607,186870,365,186368,7.108220815658569,51.34899568622688,2.520140699998592,9.547250299998268
1,4,4433.199725389481,187310,134,186624,2.594763994216919,51.642461626048664,3.0765786999982083,5.590402599998924
1,4,4452.509456396103,187628,134,187136,2.562343120574951,52.29588454567803,2.773817599998438,5.2559628000017256
1,4,4467.427737951279,187912,692,187392,12.740636825561523,54.314396483827345,2.1425821999946493,14.804412599994976
1,4,4477.150148630142,189046,76,187904,1.3991787433624268,54.31757762225656,4.486875599999621,5.803883600005065
1,4,4483.945041894913,189318,254,188928,4.481870651245117,56.67276451395039,2.306062600000587,6.705799099996511
1,4,4511.911056518555,190274,967,189184,23.820958852767944,40.594503604024176,4.140432000000146,27.879894500001683
1,5,4518.352540016174,191783,95,191232,1.834197998046875,51.793754055537995,2.637227699997311,4.389697400001751
1,5,4522.024243116379,191914,95,191744,2.1780149936676025,43.617697892900004,1.4302737999969395,3.527035099999921
1,5,4525.463917016983,192045,95,191744,1.7558417320251465,54.10510427407898,1.667470799999137,3.34028400000534
1,5,4536.265785932541,192176,405,192000,9.353857278823853,43.29764587245492,1.4328502999997,10.705852599996433
1,5,4544.099784374237,192997,165,192000,3.7085399627685547,44.491902920420934,4.076281399997242,7.7017640999984
1,5,4549.1805827617645,193352,93,192768,1.7793259620666504,52.2669831063345,2.700412199999846,4.396407999993244
1,5,4554.301846265793,194040,93,193280,1.777651309967041,52.31622167888723,3.353681599997799,5.047040299999935
1,5,4559.809723138809,194612,115,193792,2.2993483543395996,50.01417022477631,3.2115565999993123,5.428574400000798
1,5,4563.931092500687,194996,92,194560,1.6925029754638672,54.35736381780091,2.430206500001077,4.038487899997563
1,5,4568.29475402832,195196,110,194816,2.2122647762298584,49.72280044500912,2.051911900001869,4.181919399998151
1,5,4573.175997495651,195718,92,195072,1.769275188446045,51.99869449410164,3.094626700003573,4.780049700006202
1,5,4597.2221755981445,196202,1146,195584,21.27087140083313,53.87649515642852,2.7797131999977864,23.96756749999622
1,5,4607.659328699112,197429,273,196096,5.490736484527588,49.72010599475862,4.942830500003765,10.34820590000163
1,5,4627.463700056076,197783,842,197376,17.433473348617554,48.2978912556613,2.3666989999983343,19.716276699997252
1,5,4639.558268785477,198965,359,197632,7.046441555023193,50.94770136056544,5.004248599994753,11.966223899995384
1,5,4665.146476268768,199405,1129,198912,22.871864318847656,49.36195774253709,2.682966000000306,25.46982069999649
1,5,4673.760617733002,200615,134,199168,2.817413568496704,47.56135254629969,5.770178899998427,8.500201199996809
1,5,4697.01847243309,201174,1008,200448,19.780599117279053,50.95902272846106,3.4529156999997213,23.15093099999649
1,5,4716.939133167267,202263,724,200960,14.887297630310059,48.6320632514231,5.0249255000017,19.8279349000004
1,5,4723.356312513351,203068,127,202240,2.9993069171905518,42.34311576187768,3.3829761000015424,6.296054400001594
1,5,4727.0329530239105,203258,93,203008,1.8311576843261719,50.78754320069496,1.6944401000000653,3.438332799996715
1,5,4739.793647527695,204086,429,203008,8.61046314239502,49.82310392663416,4.162605799996527,12.686296199994104
1,5,4755.791364192963,204596,664,204032,13.408841371536255,49.51956560613151,2.5709501000019372,15.894225500000175
1,5,4772.490949392319,205341,673,204544,13.343460321426392,50.43669211646125,3.3382372000050964,16.594071300001815
1,5,4779.41307926178,206354,129,205312,2.7747721672058105,46.49030342909296,4.123221400004695,6.812529100003303
1,5,4783.065235137939,206557,93,206336,1.758193016052246,52.895216367550645,1.7325120000023162,3.403725400006806
1,5,4798.367919921875,207437,542,206336,10.85573148727417,49.92754294221162,4.458706500001426,15.226937800005544
1,5,4805.786241054535,208060,213,207360,4.078783273696899,52.22145569086404,3.324556300001859,7.318484399998852
1,5,4811.066951990128,208354,121,207872,2.4962716102600098,48.47228943464078,2.751021700001729,5.161222700000508
1,5,4819.307488441467,208498,295,208128,5.912158250808716,49.897175867991585,2.16498010000214,7.989689100002579
1,5,4825.337724208832,209213,127,208384,2.6173524856567383,48.52231432180734,3.4152459999968414,5.944082499998331
1,5,4830.108126878738,209380,132,209152,2.8967809677124023,45.5678221692546,1.7479308000038145,4.556167599999753
1,5,4835.591029405594,209811,105,209152,2.143733024597168,48.979979687410335,3.3015459999951418,5.3590916999964975
1,5,4865.683162212372,210001,1272,209664,27.891359567642212,45.605521556421145,2.108577899998636,29.91127779999806
1,5,4874.0311732292175,211292,134,209920,2.721210479736328,49.24279139663755,5.527716700002202,8.160714300000109
1,5,4882.773426294327,211720,165,211200,3.8178889751434326,43.21760037398709,2.572699399999692,6.30435579999903
1,5,4925.66911149025,212102,1819,211712,40.395307540893555,45.029982706742956,2.5013263000000734,42.808484499997576
1,5,4930.102987766266,213942,132,213760,2.734830617904663,48.266243304360124,1.5894707999977982,4.237890600001265
1,5,4957.559239864349,214371,141,213760,2.7933168411254883,50.47762499551896,3.221631400003389,5.928238300002704
1,5,5001.075271844864,214695,857,214272,17.892406225204468,47.89741464693391,2.7845069999966654,20.58962310000061
1,5,5018.265840768814,215842,372,214528,7.864511728286743,47.301092916170006,5.451587700001255,13.230232800000522
1,5,5023.337194442749,216235,114,215808,2.3437485694885254,48.64002968751812,2.61475960000098,4.870721300001605
1,5,5067.675822973251,216646,960,216064,18.769044399261475,51.14804886058952,3.2106017999976757,21.89247869999963
1,5,5079.443551301956,217626,65,216576,1.2321395874023438,52.75376318119617,4.500105400002212,5.644070700000157
1,5,5083.774790525436,217733,115,217600,2.5546274185180664,45.01634922039287,1.5171602999980678,3.9820166999998037
1,5,5087.742267847061,217890,97,217600,2.0782058238983154,46.67487641721964,1.8273887000032119,3.8176086000021314
1,5,5093.285466909409,218029,178,217856,3.784475088119507,47.034263895352424,1.5711700999963796,5.268202399995062
1,5,5126.753426790237,218390,325,217856,6.586755275726318,49.341441482986085,2.828994600000442,9.32845489999454
1,5,5131.896306753159,219155,85,218368,1.6991493701934814,50.025031048518755,3.423593899999105,5.036454799999774
1,5,5146.346538543701,219415,538,219136,12.671233654022217,42.45837577379241,1.7873941999932867,14.370601799993892
1,5,5152.449147939682,220028,150,219392,3.0389301776885986,49.35947561456958,3.0564850000009756,6.006161500001326
1,5,5157.875390768051,220253,162,219904,3.237499713897705,50.038614460590715,2.1878518000012264,5.33635929999582
1,5,5162.507043600082,220490,124,220160,2.4838173389434814,49.9231558036972,2.1489019000000553,4.543847299995832
1,5,5175.960553407669,220760,529,220416,11.182035207748413,47.30802489634784,2.2099237000002177,13.303241499997966
1,5,5184.931714296341,221367,76,220672,1.543163537979126,49.2494788332849,3.7243907999945804,5.1763920999947
1,5,5193.491535186768,221639,289,221184,5.696267127990723,50.73498020833525,2.853318200002832,8.461562800002866
1,5,5220.286507129669,222668,801,221440,21.40504550933838,37.42108371834798,5.394309299997985,26.70707599999878
1,6,5232.351009130478,224000,159,222464,3.4808974266052246,45.67787570662952,6.663132000001497,10.053503199997067
1,6,5237.776923894882,224291,93,223744,1.937208890914917,48.007213076581216,2.7154656999991857,4.5618456000011065
1,6,5245.801223754883,224993,175,224256,4.241481781005859,41.25916579052217,3.7659718000068096,7.915772400003334
1,6,5253.103563547134,225529,153,224768,3.5184247493743896,43.48536941914273,3.7717387000011513,7.19853090000106
1,6,5266.643100500107,225978,369,225280,9.804157018661499,37.63709611113279,3.545438599998306,13.258416599994234
1,6,5283.568157672882,226788,513,225792,12.227581262588501,41.95433168533293,4.643971700003021,16.78027160000056
1,6,5290.164753437042,227382,128,226560,2.8212943077087402,45.369247600386906,3.6166697000007844,6.346141299996816
1,6,5295.514902353287,227586,145,227328,3.579411029815674,40.50945778290988,1.559263600000122,5.049397800001316
1,6,5330.763751745224,228418,1400,227584,31.07776975631714,45.04827762666025,3.9424164999945788,34.92843279999943
1,6,5351.693081617355,229899,895,229632,19.096184730529785,46.86800073572445,1.7129447999977856,20.718465199999628
1,6,5359.471257209778,230875,116,229888,2.8508970737457275,40.68894702241575,4.700640499999281,7.458243200002471
1,6,5363.808794736862,231032,94,230656,1.882744312286377,49.927119357937556,2.334273000000394,4.123805099996389
1,6,5378.311872959137,231296,455,230912,12.153454303741455,37.43791589029365,2.356690800006618,14.416976300002716
1,6,5405.431968450546,231832,979,231168,23.538028240203857,41.59226890244911,3.5585309000016423,27.004001100001915
1,6,5604.99155831337,233118,7899,231680,193.11232566833496,40.90365528281355,6.37026429999969,199.3893958999979
1,6,5623.327788352966,16590,141,0,1.415637731552124,99.60175322920061,15.256910699994478,16.634784599998966
1,6,5626.103291988373,17854,93,16384,0.8530957698822021,109.01472411806907,1.8915402999991784,2.7088023999967845
1,6,5629.397457361221,18817,175,17664,1.8378190994262695,95.22155910482785,1.4594758000021102,3.2591990000000806
1,6,5632.285984039307,19617,150,18688,1.6251835823059082,92.29726514168385,1.2619578000012552,2.850101399999403
1,6,5634.4797286987305,20323,93,19456,0.8545792102813721,108.82548847564352,1.2013224000038463,2.0174038000041037
1,6,5637.029512643814,21356,106,20224,1.0841007232666016,97.77689261252576,1.4740160000001197,2.5182139000025927
1,6,5640.759365081787,22118,263,21248,2.487557888031006,105.72618280178969,1.2279093000033754,3.674478500004625
1,6,5643.707956790924,22462,229,22016,2.044713258743286,111.99614372371562,0.8979101999939303,2.903084799996577
1,6,5646.096252202988,22772,157,22272,1.432142734527588,109.62594454790054,0.9437984000032884,2.337161700001161
1,6,5649.0817449092865,23275,199,22528,1.7891709804534912,111.22469689820286,1.1681647000004887,2.92041409999365
1,6,5651.2833116054535,23555,153,23040,1.39577054977417,109.61687078492578,0.7898194000008516,2.1468855000057374
1,6,5653.104352474213,23955,93,23552,0.8666057586669922,107.31523425721524,0.8600490999961039,1.6864171999986866
1,6,5656.030673027039,24636,190,23808,1.7811524868011475,106.67250637323569,1.154653600002348,2.8942974000019603
1,6,5659.81610918045,24907,300,24576,3.012669086456299,99.57947301569715,0.7427364999966812,3.713497799995821
1,6,5661.981186628342,25288,120,24832,1.192617654800415,100.61900351465285,0.9535191999966628,2.1055628999965847
1,6,5663.962943553925,25895,92,25088,0.8437206745147705,109.04082687426123,1.1435895999966306,1.9464001999949687
1,6,5668.001635313034,26317,316,25856,3.0736279487609863,102.81010104927732,0.9726931999975932,4.00540909999836
1,6,5671.020938158035,27071,151,26112,1.595625877380371,94.63371216309503,1.4214586000016425,2.975042800004303
1,6,5673.374669790268,27931,93,26880,0.8470284938812256,109.79559798969515,1.4148329999952693,2.2212429999999586
1,6,5684.640713691711,28405,1012,27904,10.269876480102539,98.5406204213564,1.000538599997526,11.22934439999517
1,6,5687.711884021759,29498,117,28160,1.1771080493927002,99.39614299669708,1.8902104999942821,3.0246632999987924
1,6,5690.524736881256,30066,170,29440,1.7311820983886719,98.19879731787343,1.0910923999981605,2.778735499996401
1,6,5692.539127826691,30317,112,29952,1.1903040409088135,94.09360646586268,0.825930300001346,1.9726085000002058
1,6,5695.249004840851,30860,170,30208,1.5461647510528564,109.94947329140636,1.1715197999947122,2.674559200000658
1,6,5697.172554969788,31111,100,30720,1.0080957412719727,99.19692734127041,0.9222364000015659,1.8874254999973346
1,6,5699.379068374634,31663,84,30976,0.9495792388916016,88.46023223722665,1.25702089999686,2.1707185999985086
1,6,5702.66722202301,33319,82,31488,0.8411474227905273,97.48588389888062,2.457243799995922,3.2530628999957116
1,6,5711.281713724136,38931,106,33280,1.2397711277008057,85.49965201769162,7.372846199999913,8.568246800001361
1,6,5724.572131156921,41335,807,38912,9.683510065078735,83.3375495637943,3.608440399999381,13.24509560000297
1,6,5728.195329666138,42221,170,41216,1.895171880722046,89.70162639561289,1.7171259000024293,3.565441800004919
1,6,5735.796081781387,42470,515,41984,6.481159687042236,79.46108796387752,1.1218392999944626,7.556315399997402
1,6,5737.948442220688,43064,72,42240,0.7295510768890381,98.69082821044334,1.385911200006376,2.067997199999809
1,6,5740.692985057831,43919,115,43008,1.1221094131469727,102.48554967334316,1.6297606000007363,2.705629800002498
1,6,5743.18594288826,44113,162,43776,1.6161885261535645,100.23583101753027,0.8829895000017132,2.4519102000049315
1,6,5745.414542198181,44354,121,44032,1.3267638683319092,91.19934819458778,0.87977530000353,2.1595304000002216
1,6,5747.321256637573,44506,95,44288,1.1651134490966797,81.53712419477617,0.6532434000037028,1.772462100001576
1,6,5759.453231334686,52092,81,44288,0.8685901165008545,93.25457250919608,11.272749300005671,12.092588700004853
1,6,5790.637724637985,52651,2502,51968,29.69872736930847,84.2460341444004,1.4901057999959448,31.14047859999846
1,6,5794.179409742355,55229,116,54016,1.346147060394287,86.17186295086032,2.197949300003529,3.493475399998715
1,6,5804.909003734589,55987,236,55040,2.623476266860962,89.95697921154758,2.044768700005079,4.619908600005147
1,6,5807.301356077194,56302,102,55808,1.140120267868042,89.46424589989442,1.2549957000010181,2.3461067999960505
1,6,5813.9649431705475,56698,317,56064,3.4194393157958984,92.70525683425268,1.4792057000013301,4.8485674999974435
1,6,5816.407936573029,57467,65,56576,0.7351465225219727,88.41774803887103,1.7143963999988046,2.3987842999995337
1,6,5826.474296569824,62903,82,57344,0.9261331558227539,88.54018397295496,9.147121599999082,10.021171000000322
1,6,5860.869867801666,63888,2543,62720,32.10459494590759,79.2098453285161,2.303901599996607,34.35521029999654
1,6,5865.564522266388,66511,119,64768,1.3396391868591309,88.82988879938863,3.351035799998499,4.637870899998234
1,6,5878.825988769531,66939,108,66304,1.3766388893127441,78.45194614102218,1.6485700999983237,2.973890499997651
1,6,5881.017558097839,67083,106,66816,1.378161907196045,76.91403995896499,0.8142439000002923,2.142634399999224
1,6,5883.677609443665,67847,94,67072,1.1096322536468506,84.71275027475568,1.5590369999990799,2.6163195999979507
1,6,5888.242010116577,69727,93,67840,1.0691313743591309,86.98650346478418,3.5066297000012128,4.521787899997435
1,6,5893.043498516083,70624,178,69632,2.6487903594970703,67.20048619997134,2.1651790000032634,4.760562399998889
1,6,5897.0488793849945,71618,108,70400,1.3552136421203613,79.69223201666098,2.5516908999998122,3.853165300002729
1,6,5901.800156354904,72580,166,71424,2.3073160648345947,71.94506315366903,2.4505517999932636,4.703267299999425
1,6,5912.35072851181,73155,678,72448,8.767138719558716,77.33423887629856,1.789491800001997,10.503264599996328
1,6,5916.139377355576,73914,124,72960,1.657670021057129,74.80378991285778,2.117118099995423,3.7206546000015805
1,6,5919.785209417343,74395,140,73728,1.9532067775726318,71.67699887565743,1.6839259999978822,3.5833960000018124
1,6,5926.297433137894,74758,438,74240,5.310302019119263,82.481184388952,1.2127178000009735,6.467911500003538
1,6,5930.188616514206,75277,172,74752,2.642320394515991,65.09430134096445,1.2496901999984402,3.8372009999948204
1,6,5935.731257677078,76548,181,75264,2.822275400161743,64.13264984332393,2.584193700000469,5.353771100002632
1,6,5941.718681097031,77029,242,76544,4.397444248199463,55.031965464732636,1.4563267000048654,5.7988148000004
1,6,5948.847036361694,77892,355,76800,4.782520532608032,74.22864106480047,2.345719700002519,7.071517600001243
1,6,5952.115225076675,78328,125,77824,1.8026580810546875,69.3420462336739,1.4728044999937993,3.220439400000032
1,6,5956.679827213287,79131,185,78080,2.2735114097595215,81.37192503448584,2.193520900000294,4.41135850000137
1,6,5959.476397275925,79397,152,79104,1.8117012977600098,83.89904019384046,0.9913094000003184,2.747277499998745
1,6,5962.50968837738,79630,142,79360,2.1484298706054688,66.09478016612275,0.8958538000006229,2.9880289000066114
1,6,5964.713616371155,79916,93,79616,1.1106090545654297,83.7378370162757,0.9869064000013168,2.041103999996267
1,6,5967.217757225037,80320,93,79872,1.110609531402588,83.7378010636649,1.4068834999998217,2.4628684999988764
1,6,5970.622951745987,80690,155,80128,1.981163740158081,78.23684476863696,1.434517900001083,3.3607811000038055
1,6,6002.860516548157,80926,2167,80640,31.262666702270508,69.31590387465627,0.9664045999961672,32.17486309999367
1,6,6006.685118198395,83173,143,82688,2.2937235832214355,62.34404225776965,1.5146327999973437,3.754580299995723
1,6,6009.565674781799,83533,93,82944,1.1835389137268066,78.57789796463504,1.5808276000025216,2.7071082000038587
1,6,6012.343037605286,84008,115,83456,1.3636293411254883,84.33376763885363,1.4247439000027953,2.732170800001768
1,6,6016.598211765289,84878,154,83968,2.016106605529785,76.38484967888513,2.2416429000004428,4.201051500000176
1,6,6030.859648227692,85510,1009,84736,12.52703857421875,80.54577257202438,1.7389636000007158,14.210859099999652
1,6,6035.09450507164,86599,132,85504,1.752185344696045,75.33449609059383,2.481976899995061,4.17701390000002
1,6,6079.197419643402,87548,256,86528,4.32441258430481,59.19879174552778,2.6597037999963504,6.92833999999857
1,6,6115.586467027664,88872,389,87296,7.404820203781128,52.533348453398595,3.6135280999951647,10.962310099996103
1,6,6121.965906620026,89644,268,88832,4.449594259262085,60.230210752843966,1.902568400000746,6.294957899997826
1,6,6131.981910705566,89993,629,89600,8.556216478347778,73.51380152567869,1.4363254999989294,9.935923999997613
1,6,6136.232587337494,90702,154,89856,2.1693193912506104,70.99000756694437,2.084023999996134,4.19442049999634
1,6,6149.256894111633,91198,519,90624,8.556707382202148,60.65417184646444,1.7689448000019183,10.267156900001282
1,6,6154.709255218506,91797,270,91136,3.5678224563598633,75.67641139729595,1.8738479999956326,5.384231699994416
1,6,6159.08106637001,92421,193,91648,2.5814075469970703,74.76541246829284,1.7935167999967234,4.316093199995521
1,6,6173.699422836304,92694,992,92416,13.553510189056396,73.1913715460204,1.0317053999970085,14.528432499995688
1,6,6185.210478305817,94144,181,92672,2.544304609298706,71.13928078363602,3.754635600002075,6.241417500001262
1,6,6188.484849691391,94647,92,93952,1.1896107196807861,77.3362230837049,1.980421899999783,3.111598100003903
1,6,6195.566940546036,94896,321,94464,5.5461931228637695,57.87753741872084,1.547896199997922,7.03443729999708
1,6,6201.481988668442,95613,220,94720,3.6844685077667236,59.710104601585854,2.2210417999958736,5.84591840000212
1,6,6213.043412923813,96184,598,95488,9.57279658317566,62.468683503731235,1.993694000004325,11.507018500000413
1,6,6216.872507810593,96863,117,96000,1.6281659603118896,71.85999637136966,2.1870627000025706,3.758677900004841
1,6,6225.280329942703,97052,153,96768,1.9987809658050537,76.54665649588864,1.2276740000015707,3.168392899999162
1,6,6248.9874041080475,97581,286,97024,4.829510688781738,59.21924982262428,1.7758770000000368,6.546582999995735
1,6,6264.291556596756,98765,205,97536,3.647913694381714,56.19650495452456,3.250366700005543,6.840460700004769
1,6,6283.092219352722,99644,1088,98560,16.272693395614624,66.86047438792205,2.52833069999906,18.74095849999867
1,6,6301.203330993652,100770,563,100608,9.686001300811768,58.12512124614477,1.24170420000155,10.86948200000188
1,6,6304.689137458801,101413,109,100608,1.400146245956421,77.84901064070174,2.049587599998631,3.390547399998468
1,6,6317.4583060741425,101778,150,101376,2.330960512161255,64.35115447791124,1.7721441000030609,4.0454277000026195
1,6,6331.843289136887,102249,206,101632,3.6688926219940186,56.147732088174436,2.049999700000626,5.658835000002
1,6,6334.687824964523,102551,93,102144,1.229633092880249,75.63231710213661,1.5232897000023513,2.692903800001659
1,6,6352.557918787003,102859,1083,102400,16.163190603256226,67.00409755619782,1.685727299998689,17.788786099998106
1,6,6368.254546165466,104032,309,102656,5.70611310005188,54.1524492385527,3.5679381000009016,9.212220599998545
1,6,6375.92435669899,104569,388,103936,5.825721502304077,66.60119263280019,1.8392928000030224,7.6045023999977275
1,6,6380.550551891327,105312,152,104448,2.319488286972046,65.53169544064694,2.3017429999963497,4.560989300000074
1,6,6390.739811897278,105645,335,105216,4.786413669586182,69.98977170081562,1.883553400002711,6.608462299998791
1,6,6395.135208368301,106432,125,105472,1.8232057094573975,68.56055756714427,2.580153300004895,4.341996400005883
1,6,6402.305855035782,106723,110,106240,1.4456751346588135,76.08901707087917,1.951834500003315,3.3354297000041697
1,6,6409.134296178818,106857,102,106496,1.437631368637085,70.95003783668054,1.591478800000914,2.96735500000068
1,6,6415.978454351425,107010,123,106752,1.8842113018035889,65.27930274182252,1.1294137000004412,2.954600199998822
1,6,6461.673508644104,107316,98,107008,1.3592827320098877,72.09684761837107,1.4133870000005118,2.71090639999602
1,6,6474.545498132706,110286,372,107264,5.86562705039978,63.42032945559432,6.997435999997833,12.801324399995792
1,6,6479.2707459926605,110733,181,110080,2.650264024734497,68.29508241848943,2.0775826000026427,4.665131900001143
1,6,6501.084485292435,110989,1121,110592,20.186575174331665,55.53195578343635,1.605376100000285,21.728657400002703
1,6,6509.621168136597,112185,366,110848,5.1598875522613525,70.93177831745544,3.3785291999956826,8.474173699993116
1,6,6512.542298316956,112626,81,112128,1.1396589279174805,71.07389589621587,1.785604799995781,2.861030200001551
1,6,6528.408467054367,115069,582,112384,9.444156169891357,61.62541041575079,6.4193607000052,15.799695500005328
1,6,6538.187853097916,115729,430,114944,7.661561965942383,56.124325811298114,2.117027100000996,9.715463100001216
1,6,6541.5331609249115,116237,117,115712,1.7611513137817383,66.43381467817476,1.5801850999996532,3.2783188999965205
1,6,6600.854986667633,116520,857,116224,13.358517169952393,64.15382703760481,1.4313741000005393,14.727853100004722
1,6,6612.062899112701,117650,202,116480,3.432922840118408,58.84198667076147,3.474105499997677,6.8418193999968935
1,6,6615.3593418598175,117871,114,117504,1.7551686763763428,64.95102239139787,1.4462020999999368,3.136956599999394
1,6,6619.04474234581,118088,123,117760,2.159763813018799,56.95067176261157,1.391948999997112,3.4861254999996163
1,6,6623.030805110931,118230,159,118016,2.6522634029388428,59.94879687433002,1.1066995000001043,3.695576099999016
1,6,6627.289565086365,118815,119,118016,1.9952282905578613,59.64229785791974,2.2372717000034754,4.167700600002718
1,6,6633.40999174118,119238,299,118784,4.290407419204712,69.6903512383502,1.8364242000025115,6.063946700000088
1,6,6652.395923137665,119988,793,119040,16.164235830307007,49.05892294105057,2.810791199997766,18.90969419999601
1,7,6660.343861818314,121312,91,119808,1.3876299858093262,65.57944187616042,4.321833800000604,5.643217199998617
1,7,6667.8610854148865,123509,84,121088,1.2731459140777588,65.97829759430827,6.187280300000566,7.393024500001047
1,7,6676.151191234589,126079,91,123392,1.4831562042236328,61.35564126074941,6.798086099995999,8.213937399996212
1,7,6679.422736167908,126645,64,125952,0.9176013469696045,69.74706413777747,2.3489406000007875,3.200752899996587
1,7,6684.446086883545,127693,87,126464,1.4286715984344482,60.895730058143116,3.599226999998791,4.960322599996289
1,7,6691.00575876236,129318,95,127488,1.7776947021484375,53.43999725328961,4.788457800001197,6.498999399998866
1,7,6699.894864082336,129875,371,129280,6.838592529296875,54.250929326556204,2.059197700000368,8.829570999994758
1,7,6715.463538885117,130735,626,129792,12.579540491104126,49.76334393475568,2.990875399998913,15.50440030000027
1,7,6723.581099271774,131439,360,130560,5.372533082962036,67.00749803508354,2.7119454000057885,8.015613200004736
1,7,6728.2154977321625,131877,187,131328,2.757295846939087,67.82007096104371,1.8792632999975467,4.567767000000458
1,7,6734.1753215789795,132142,300,131840,4.633599281311035,64.74448518023719,1.3220397000040975,5.887313600003836
1,7,6741.905942201614,132521,320,132096,5.564746379852295,57.5048669169526,1.8966804000010598,7.393732299999101
1,7,6751.3863661289215,132920,435,132352,7.5768163204193115,57.41197642968947,1.9039155999998911,9.413466600002721
1,7,6756.422796726227,133434,212,132864,3.121852397918701,67.908399558332,1.907347899999877,4.964893899996241
1,7,6762.988815069199,133725,332,133376,5.010096549987793,66.266188024023,1.5581961999996565,6.499172399999225
1,7,6770.217467069626,134138,338,133632,5.213043212890625,64.83736777094151,2.0185612000059336,7.164296800001466
1,7,6774.963449716568,134557,139,133888,2.3177778720855713,59.97123437671174,2.4063333999947645,4.654387299997325
1,7,6784.775905370712,135170,388,134400,6.039206266403198,64.24685345796,2.2594580999939353,8.229142299998784
1,7,6896.697697639465,136086,5808,135168,108.91571521759033,53.32563797976129,3.003964299998188,111.85168439999688
1,7,6927.112864494324,141967,887,137216,17.736406564712524,50.010130110838304,12.671423899999354,30.337260000000242
1,7,6936.723112821579,142933,350,141824,6.174117565155029,56.68826294712962,3.4307858999964083,9.534669499997108
1,7,6942.022962093353,143362,234,142848,3.5643458366394043,65.6501952180442,1.7371392000059132,5.230559900002845
1,7,6946.170197486877,143675,169,143360,2.720822334289551,62.113574219879574,1.3949831999998423,4.043364700002712
1,7,6958.618202924728,143925,709,143616,11.068544626235962,64.05539517087415,1.3856094000002486,12.382603599995491
1,7,6963.481507778168,144715,129,143872,2.050229549407959,62.91978380530663,2.8218284000031417,4.799755000000005
1,7,6966.798225879669,144923,128,144640,1.9637281894683838,65.18213706279374,1.3572899999999208,3.24969869999768
1,7,7044.701449394226,145130,4253,144896,76.58026599884033,55.53650074895801,1.3047636000046623,77.81411579999985
1,7,7048.872017145157,149459,117,148992,2.0033297538757324,58.40276658081202,2.165408299995761,4.097964900000079
1,7,7062.907360076904,150559,358,149248,7.875906467437744,45.45508526289896,4.296517900002073,12.101180800003931
2,1,14.971605777740479,8174,90,0,0.9222609996795654,97.58625815389571,12.610923399995954,13.40439139999944
2,1,19.71801996231079,8456,200,8192,1.9062516689300537,104.91794093077782,1.8655604999948991,3.722989299996698
2,1,24.30964493751526,8817,88,8448,0.7440667152404785,118.26896459352956,3.8275573999999324,4.536902099993313
2,1,41.586435079574585,8942,97,8704,0.7430779933929443,130.53811425243728,0.7600495000006049,1.4703155999959563
2,1,59.584794759750366,9369,283,8704,2.213690757751465,127.84080116386922,1.1925173999989056,3.3750026999987313
2,1,65.4477128982544,9788,560,9216,4.804762363433838,116.55102950810301,1.02617409999948,5.796153899995261
2,1,75.60105490684509,10492,1071,9728,9.201790809631348,116.39038771442225,0.9337703999990481,10.10313689999748
2,1,86.05761909484863,11639,949,10240,8.906641244888306,106.5497053162043,1.5435786000016378,10.419324300004519
2,1,91.25783348083496,12730,504,12288,4.410531997680664,114.27192916070783,0.7660105999966618,5.14427849999629
2,1,94.47536420822144,13378,272,12544,2.2243494987487793,122.28294166586814,0.9691029000023264,3.1597326999981306
2,1,97.2079644203186,13798,208,13312,1.9854812622070312,104.76049507956087,0.730215000003227,2.68114659999992
2,1,110.3318223953247,14085,1655,13568,12.433719635009766,133.1057839956434,0.6858512999970117,13.086740299993835
2,1,112.28350257873535,16015,175,15616,1.2601864337921143,138.86834146706005,0.6822305000023334,1.9084809000050882
2,1,134.2090175151825,16468,2770,15872,21.12541437149048,131.1216883744641,0.8004331999982242,21.892023899999913
2,1,140.30058336257935,19313,513,17920,4.468843221664429,114.79480808658403,1.6196428000039305,6.049849399998493
2,1,149.8797447681427,19901,816,19200,8.617793321609497,94.68781270883395,0.9522053000036976,9.537802400001965
2,1,164.67123556137085,20794,1347,19712,13.568683385848999,99.27271214868263,1.2139969999989262,14.74947080000129
2,1,171.90773797035217,22217,617,21760,6.422857761383057,96.063158008833,0.8057083000021521,7.194048700002895
2,1,176.53274083137512,22907,373,22016,3.4662833213806152,107.60805318459505,1.1498756000000867,4.5813519000003
2,1,178.1121106147766,23392,83,22784,0.6751108169555664,122.94277904521087,0.8787498000019696,1.5194676000028267
2,1,184.5484857559204,23552,623,23296,5.974892854690552,104.26965221826828,0.45615600000019185,6.395846899999015
2,1,191.216561794281,24252,632,23296,5.426383972167969,116.46798369624055,1.232130500000494,6.621113300003344
2,1,193.44139218330383,24960,138,24064,1.0581212043762207,130.4198417244206,1.1599190999986604,2.1839821000030497
2,1,195.18350291252136,25376,116,24832,0.9153909683227539,126.72180960288877,0.8137433000010788,1.6892863000030047
2,1,197.0070366859436,25570,175,25344,1.3841893672943115,126.42778808659267,0.4347887999974773,1.782377900002757
2,1,198.657071352005,26023,83,25344,0.6824014186859131,121.62928992708053,0.9676474000007147,1.613512299998547
2,1,207.4481189250946,30227,336,25856,2.7525243759155273,122.0697636467767,4.7539944000018295,7.470540399997844
2,1,209.7650933265686,30641,190,30208,1.5207180976867676,124.9409737998236,0.7908690999975079,2.2738750999997137
2,1,211.1917495727539,30910,76,30464,0.6250817775726318,121.58409143701061,0.7860323999993852,1.3767357999968226
2,1,218.266695022583,34233,233,30720,2.094787836074829,111.22844804970353,4.045884200000728,6.103437199999462
2,1,220.0045199394226,34545,109,34048,0.8602967262268066,126.70047052028825,0.8721242999963579,1.6955424999978277
2,1,221.46354794502258,34733,77,34304,0.6606199741363525,116.55717812750714,0.7941179999979795,1.4165064999979222
2,1,225.86412000656128,36327,152,34560,1.2520320415496826,121.40264382680209,2.20567960000335,3.41968579999957
2,1,228.64067602157593,36558,210,36096,1.9203455448150635,109.35531918565405,0.853636900006677,2.736217800003942
2,1,230.48728275299072,36847,116,36352,0.9666659832000732,120.00008484418883,0.8741434999974445,1.8037537999989581
2,1,232.1905734539032,37242,81,36608,0.675640344619751,119.88626884853456,1.0142549000011059,1.652517499998794
2,1,234.80700302124023,37634,94,37120,0.8840982913970947,106.32301964010887,0.764750099995581,1.6101143999985652
2,1,237.53133916854858,37877,244,37632,2.156259059906006,113.15894483042139,0.5225451000005705,2.6401861000049394
2,1,242.743150472641,38212,73,37632,0.6555750370025635,111.35262308609617,1.1573147000017343,1.7767919000034453
2,1,245.6195089817047,38410,129,38144,1.067136526107788,120.88425130616335,1.7955277000000933,2.825655300002836
2,1,248.035085439682,38909,174,38400,1.3737244606018066,126.66295533805476,0.8659621000042534,2.2009843999985605
2,1,256.3279342651367,39360,670,38656,7.23215913772583,92.64176675883866,1.0592621999967378,8.255198400001973
2,2,261.2664978504181,40576,103,39168,0.9981257915496826,103.193405953455,2.045040400000289,3.0035604999939096
2,2,264.5870373249054,41167,191,40448,1.523249864578247,125.38980271164083,1.1170204999943962,2.600649499996507
2,2,269.35915327072144,41442,380,40960,3.8684372901916504,98.23088019637356,0.8757227000023704,4.703411399998004
2,2,274.8912601470947,42135,507,41216,4.2059431076049805,120.54371327164826,1.288095500000054,5.457320100002107
2,2,290.4237039089203,42720,1447,41984,14.370163679122925,100.69474727711082,1.1405438000001595,15.475869399997464
2,2,293.4451541900635,44245,270,44032,2.5142383575439453,107.38838630389513,0.4962015999990399,2.9713596000001417
2,2,296.054710149765,44595,211,44032,1.6839730739593506,125.29891556038818,0.8931513999996241,2.5492085999940173
2,2,299.6676502227783,44886,360,44544,2.8843116760253906,124.81314103199952,0.7185081999996328,3.5672171999976854
2,2,313.4078907966614,45325,1367,44800,11.681306600570679,117.02458010418258,2.044044300004316,13.688335899998492
2,2,333.2385251522064,46769,2022,45312,17.82908296585083,113.41020757337124,2.0031824999969103,19.778328899999906
2,2,359.91641426086426,48868,2737,47360,24.5870304107666,111.31885202376755,2.0765924000006635,26.624468400004844
2,2,379.3886888027191,51682,1852,51456,18.922178506851196,97.8745655173606,0.5377117000025464,19.418252200004645
2,2,385.47167134284973,53611,665,53504,5.694102764129639,116.78749533450812,0.37783330000092974,6.034612899995409
2,2,388.81425380706787,54584,223,53504,1.8244001865386963,122.23195417617333,1.4986352999985684,3.285385800001677
2,2,417.19435024261475,55157,2796,54528,27.279308795928955,102.49526558448808,1.099569199999678,28.339871099997254
2,2,429.21909260749817,58029,992,56576,9.877901315689087,100.42619057394356,2.1239395000011427,11.963404699999955
2,2,437.7232687473297,59098,788,58624,7.530911922454834,104.63540247369372,0.9620177999968291,8.45444950000092
2,2,440.0226171016693,59962,83,58880,0.7265667915344238,114.23588439090884,1.5491350000011153,2.238746800001536
2,2,450.0108458995819,65608,151,59904,1.36515474319458,110.61017130310587,7.403038399999787,8.7287076000066
2,2,452.35122060775757,65838,187,65536,1.6067073345184326,116.38709551048899,0.7196330000006128,2.2868247000005795
2,2,453.7884292602539,66104,78,65792,0.6650838851928711,117.27843921128893,0.7262378000013996,1.3530144999967888
2,2,457.41889929771423,66539,151,66048,1.6631956100463867,90.78908042319122,1.0299345000021276,2.650029500000528
2,2,459.692013502121,66820,98,66304,1.0096161365509033,97.06659437396877,0.9927700000043842,1.959865800003172
2,2,463.20783615112305,67068,316,66816,2.8491880893707275,110.90878878052303,0.6249927999961074,3.433274499999243
2,2,469.03437662124634,67747,78,66816,0.6676099300384521,116.83469117289411,1.8025609000033,2.4320063999984995
2,2,472.06245493888855,67950,256,67584,2.1632678508758545,118.33948343306254,0.8477294999975129,2.9705254000000423
2,2,474.33065819740295,68873,77,67840,0.7121114730834961,108.12913835889236,1.5507058000002871,2.2244117000009282
2,2,477.93563294410706,68986,289,68864,3.1403956413269043,92.02662116735377,0.46187559999816585,3.5590847999992548
2,2,483.775203704834,69350,511,68864,4.806360483169556,106.31745200747426,1.030861899998854,5.793386099998315
2,2,490.9238224029541,69936,513,69120,5.793191909790039,88.55221922358041,1.3459560999981477,7.09907419999945
2,2,493.0507183074951,70527,95,69888,0.8986835479736328,105.71018042358475,1.2104494000013801,2.06848099999479
2,2,496.97593235969543,70769,255,70400,2.132796287536621,119.56134839981596,0.8711909999983618,2.9636146999982884
2,2,507.6146910190582,71427,852,70656,9.387480020523071,90.75918117933064,1.242415599997912,10.588239600001543
2,3,513.6715579032898,72828,217,71424,1.9462311267852783,111.49754878210872,2.3938216000024113,4.307443300000159
2,3,518.6493005752563,73129,329,72704,3.937974452972412,83.54548865893946,0.964356399999815,4.861751899996307
2,3,531.2048296928406,73808,1037,72960,11.071297407150269,93.66562579470276,1.437560600003053,12.467437400002382
2,3,535.0184109210968,74922,188,73728,1.8822250366210938,99.88178689700739,1.9083010999966064,3.750325499997416
2,3,540.732239484787,75189,458,74752,4.5838658809661865,99.91566330545929,1.092530199995963,5.635289899997588
2,3,543.6757719516754,75726,173,75008,1.5451579093933105,111.96266669464649,1.3885226999991573,2.8914160000058473
2,3,558.1831541061401,75980,1338,75520,13.429830551147461,99.62895621834035,1.0593493999986094,14.448940200003562
2,3,563.2462501525879,77397,274,75776,2.5119402408599854,109.07902805291006,2.5342788999987533,5.005970099999104
2,3,567.6913421154022,77752,376,77312,3.4083573818206787,110.31707003657816,1.0179837000032421,4.386689799997839
2,3,570.1687231063843,78207,133,77568,1.2247045040130615,108.59762462225872,1.2360735000038403,2.4186363000044366
2,3,572.4603445529938,78419,158,78080,1.3991703987121582,112.92405853170445,0.8737046999958693,2.2316609999979846
2,3,608.4350862503052,78656,3503,78336,35.19307088851929,99.53663921788512,0.77146139999968,35.92421300000569
2,3,613.2008385658264,82442,191,80384,1.7160999774932861,111.29887681660274,3.026111300001503,4.70117670000036
2,3,615.1037104129791,82931,82,82432,0.7595803737640381,107.95434272959916,1.1384176999999909,1.8561750000008033
2,3,627.8323285579681,84121,204,82688,2.696279525756836,75.65981125148289,2.7118221999990055,5.366325799994229
2,3,633.5768113136292,84361,464,83968,4.704101800918579,98.63732113735162,1.0185488999995869,5.681918700000097
2,3,635.7576515674591,84904,85,84224,0.8031089305877686,105.83869356027624,1.36001650000253,2.1208772999962093
2,3,642.4530138969421,85716,163,84736,1.720041275024414,94.76516777057364,2.0228780999968876,3.7004075000004377
2,3,645.6616911888123,85960,228,85504,2.073706865310669,109.94803740780526,1.1250480000016978,3.152939799998421
2,3,649.0192220211029,86269,242,85760,2.2190194129943848,109.05718020440428,1.1329430999976466,3.30824319999374
2,3,651.0667817592621,86592,80,86016,0.8051242828369141,99.36354138781428,1.2208565000037197,1.9809404999978142
2,3,655.7416553497314,86864,101,86528,1.0851705074310303,93.07293121990713,1.1486014000038267,2.1899264000021503
2,3,660.5262322425842,87116,356,86784,3.78434157371521,94.07184659880036,0.9408755999975256,4.686297699998249
2,3,667.366287946701,88035,102,87040,1.2681303024291992,80.43337487055652,2.124093400001584,3.3484371000013198
2,3,670.3748159408569,88264,191,87808,1.8177299499511719,105.07611430682026,1.1684032000048319,2.9414949000056367
2,3,673.0147478580475,89044,76,88064,0.7511191368103027,101.18235080887577,1.8770377000037115,2.5837726000027033
2,3,676.1209542751312,89156,211,88832,2.1417903900146484,98.51570955949471,0.9583538000006229,3.0522056999980123
2,3,686.2657227516174,89442,893,89088,9.130386114120483,97.80528324195865,1.0018899000060628,10.088029700003972
2,3,690.406192779541,90410,236,89344,2.3083677291870117,102.2367437458144,1.8189552999974694,4.085009800000989
2,3,693.5113389492035,90721,211,90368,2.115368366241455,99.74622073738422,0.955693899995822,3.0278269999980694
2,3,695.4066936969757,91007,94,90624,0.9151887893676758,102.71104835642348,0.9732342999996035,1.8450448000003234
2,3,700.5097138881683,91169,190,90880,1.7401986122131348,109.1829396176586,1.073451300006127,2.7730064000061247
2,3,712.8356392383575,91656,890,91136,11.26477599143982,79.00734117361208,1.0522877000039443,12.27488180000364
2,4,718.7323846817017,93097,152,91648,1.6574599742889404,91.70658861020692,2.6422179999935906,4.258053099998506
2,4,722.477796792984,93309,228,92928,2.6818490028381348,85.01597209936622,0.9952599000025657,3.6309060999992653
2,4,725.6425905227661,93843,149,93184,1.7070074081420898,87.28726031843756,1.4221913000001223,3.0857267000028514
2,4,728.9925208091736,94119,105,93696,1.3081624507904053,80.26526058484397,1.0906417000005604,2.3530442000046605
2,4,757.7819037437439,94280,2384,93952,24.33232855796814,97.97664840504171,1.1979963999983738,25.484023899996828
2,4,811.6331539154053,96741,5072,96000,52.268681049346924,97.03707647054493,1.5436016000021482,53.76751019999938
2,4,897.8509690761566,101890,7367,100096,83.13608407974243,88.61374794768689,3.0352110999956494,86.1254850999976
2,4,963.6510279178619,109334,6393,108288,63.804195165634155,100.19717329564186,1.956836099998327,65.71625969999877
2,4,970.5495908260345,115804,387,114432,4.16664457321167,92.88049249223543,2.6532571999996435,6.779181699996116
2,4,991.8030412197113,116268,1717,115712,19.924141883850098,86.17686071547944,1.295276199998625,21.17354940000223
2,4,993.6954896450043,118062,89,117760,0.9872972965240479,90.14508630109695,0.8875800000023446,1.8272021000011591
2,4,1032.738673210144,118558,331,118016,3.657331705093384,90.50313908881516,1.702673899999354,5.3160238999989815
2,4,1036.2930641174316,119185,194,118528,1.9231040477752686,100.87857712349353,1.5805255999948713,3.453627199996845
2,4,1038.7543449401855,119695,78,119040,0.8811516761779785,88.52051480890022,1.5695261000000755,2.406168499997875
2,4,1085.680519580841,119933,938,119552,11.026803970336914,85.06544620937342,1.4200911999942036,12.398754399997415
2,4,1094.5484104156494,121013,95,119808,1.2764081954956055,74.42760108815602,2.6568589999951655,3.887501600001997
2,4,1099.0449659824371,121262,301,120832,3.231571912765503,93.14352523333181,1.2220336999962456,4.4036877999969875
2,4,1104.967856168747,121605,112,121088,1.1886227130889893,94.22670353398743,1.3901272000002791,2.5301069999986794
2,4,1111.7320368289948,124306,141,121600,1.8192274570465088,77.50542652259196,4.931085199998051,6.704011999994691
2,4,1118.4780416488647,124875,480,124160,4.9615678787231445,96.74361244928238,1.7459586999975727,6.657010700000683
2,4,1121.3430955410004,125434,90,124672,1.063136100769043,84.6552007169134,1.787860999997065,2.802280999996583
2,4,1127.1819140911102,125657,410,125184,4.455484628677368,92.021414990654,1.367686199999298,5.771651800001564
2,4,1130.4118223190308,126442,89,125440,1.0206458568572998,87.19968772914288,2.1651803999993717,3.135591899997962
2,4,1136.4337618350983,126836,135,126208,1.7682108879089355,76.34835919354016,1.7768158000035328,3.495265300000028
2,4,1140.0294992923737,127174,212,126720,2.233227252960205,94.92988217790558,1.3460234999947716,3.5389636999971117
2,4,1142.5403151512146,127465,106,126976,1.1131067276000977,95.22896355908316,1.387388800001645,2.4508892000012565
2,4,1158.6507489681244,127751,371,127232,4.457115411758423,83.23769203311541,2.800494200004323,7.2124117000057595
2,4,1161.3735857009888,128197,125,127744,1.3195085525512695,94.73223933131204,1.3836120999985724,2.6553315999990446
2,4,1163.1368787288666,128377,60,128000,0.6085870265960693,98.58902240422408,1.141134299999976,1.7000900999992155
2,4,1165.2413759231567,128473,125,128256,1.2488765716552734,100.08995511407805,0.8542225999990478,2.052649299999757
2,4,1169.4989821910858,128673,255,128256,2.973299980163574,85.76329388263451,1.272349500002747,4.197006800000963
2,4,1172.4293048381805,129003,139,128512,1.5306448936462402,90.81139627943345,1.3884311000001617,2.8690906000047107
2,4,1184.8491387367249,129323,193,128768,1.9851586818695068,97.221447213602,1.6182850000041071,3.557713700000022
2,4,1198.6009573936462,129831,815,129280,12.387981414794922,65.78957238559047,1.356459199996607,13.695417599999928
2,5,1204.7793815135956,131188,96,129792,1.1261329650878906,85.24748229220654,3.0749336000008043,4.153302099999564
2,5,1208.5705091953278,131320,216,131072,2.838477373123169,76.09713645958566,0.8833048000014969,3.673900900001172
2,5,1219.849142074585,131836,872,131072,9.43134355545044,92.45766468724014,1.8289224999971339,11.21074029999727
2,5,1227.6741633415222,132785,484,131584,5.300700902938843,91.30867952418484,2.4971710999961942,7.7476841999960016
2,5,1244.764490365982,133346,1377,132608,15.239649534225464,90.3564085845616,1.8305565000046045,17.021722299999965
2,5,1247.8064889907837,134800,205,134656,2.2512764930725098,91.05945032998544,0.7518297999995411,2.9632954000044265
2,5,1340.4597408771515,135082,8343,134656,91.31979560852051,91.36025704400026,1.3099914999984321,92.58283049999591
2,5,1343.6986949443817,143502,113,142848,1.3811683654785156,81.81479016198749,1.776106899997103,3.1074643999963882
2,5,1363.062569141388,144508,1414,143360,16.840831756591797,83.96259878592609,2.4931618999980856,19.280672900000354
2,5,1366.1055145263672,146001,122,145408,1.3981072902679443,87.26082815619891,1.612904299996444,2.957938399995328
2,5,1387.8725988864899,146388,371,145920,4.773628234863281,77.71866214684931,1.7897351999999955,6.513574700002209
2,5,1390.603836774826,146838,84,146176,0.9486222267150879,88.54947484298069,1.762552100000903,2.661016699996253
2,5,1423.1868877410889,147361,978,146688,12.271007299423218,79.70005853113375,7.026777600003697,19.097574800005532
2,5,1442.6345665454865,148380,982,147200,11.744697570800781,83.61219981018591,3.0021138999945833,14.69704069999716
2,5,1457.3201110363007,149389,693,149248,8.837062120437622,78.41972711692128,1.1150475000031292,9.903618299998925
2,5,1460.682451725006,150161,86,149248,1.0851478576660156,79.25187281387869,2.2525231999970856,3.2858062999948743
2,5,1476.9705562591553,150478,106,150016,1.280637264251709,82.77129126172743,1.7855188999965321,3.014090500000748
2,5,1482.7646989822388,150635,178,150272,1.993293285369873,89.29945297386107,1.4592470999996294,3.402528999999049
2,5,1487.2093391418457,151098,243,150528,2.9103310108184814,83.49565705643234,1.5052907999997842,4.379423699996551
2,5,1492.0854501724243,151416,279,151040,3.6209371089935303,77.05187679372602,1.2364608000061708,4.803673500005971
2,5,1507.0041825771332,151770,854,151296,13.36389446258545,63.903527702266864,1.5395572999987053,14.850263300002553
2,6,1514.2314348220825,153155,157,151552,1.8592605590820312,84.44217204151056,3.6938764000005904,5.499100900000485
2,6,1519.4594190120697,153372,278,153088,4.073022365570068,68.25398317229485,1.0805653999996139,5.104409199993825
2,6,1531.4800109863281,153991,676,153344,10.14888620376587,66.60829439088221,1.8314847000001464,11.928965600003721
2,6,1548.5362613201141,154744,1166,153856,14.86155104637146,78.45749049758075,2.159220199995616,16.968842999995104
2,6,1551.1561870574951,155987,163,155904,1.9347500801086426,84.24860744331744,0.6663962999955402,2.547017999997479
2,6,1553.8033590316772,156229,128,155904,1.4321863651275635,89.37384345828426,1.1958545000015874,2.576749600004405
2,6,1556.4241478443146,156436,130,156160,1.5542120933532715,83.64366778250971,1.0414956000022357,2.5436122000028263
2,6,1583.8799059391022,156645,2015,156416,26.414140224456787,76.28489827332395,0.9990422999981092,27.360308299997996
2,6,1588.8354687690735,158736,103,158464,1.385218620300293,74.35649397903074,3.5607423999972525,4.8577989999976126
2,6,1599.8126201629639,159283,619,158720,7.3666064739227295,84.02783590941318,1.8114290999947116,9.123736599998665
2,6,1602.7720067501068,159980,75,159232,0.8430969715118408,88.9577385926438,2.0705084999935934,2.8687484999973094
2,6,1608.347992181778,160106,117,159744,1.500687837600708,77.9642488387585,1.461917300002824,2.9073370000041905
2,6,1613.6419434547424,160979,247,160000,2.802870273590088,88.12395005482264,2.472579200002656,5.222888199998124
2,6,1620.8176867961884,161624,421,160768,4.977233171463013,84.58514710819763,2.165555799998401,7.092134699996677
2,6,1627.8380553722382,162122,437,161536,5.30364990234375,82.39608723171644,1.6905394999994314,6.942976600003021
2,6,1634.6938128471375,162636,419,162048,5.073393106460571,82.58772604599397,1.7469950000013341,6.767476799999713
2,6,1650.289410352707,163132,1110,162560,13.940416812896729,79.62459192562329,1.631389100002707,15.518716400001722
2,6,1655.889151096344,164319,195,163072,2.4808785915374756,78.60118615443918,3.097829999998794,5.52187729999423
2,6,1659.5944056510925,164591,168,164096,2.0049355030059814,83.79321915748369,1.6767785000047297,3.628219199999876
2,6,1662.9953150749207,164836,127,164352,1.6989519596099854,74.75196651773153,1.6826953000054345,3.3269882000022335
2,6,1668.9500579833984,165411,300,164608,3.836932897567749,78.18745023927093,2.0979824000023655,5.878629500002717
2,6,1674.421201467514,165788,323,165376,3.9307515621185303,82.17258071276194,1.5011335000017425,5.378383200004464
2,6,1703.7184691429138,166188,2139,165632,27.68736171722412,77.25546485237496,1.5857554999965942,29.206145399999514
2,6,1710.3869559764862,168656,341,167680,4.029267311096191,84.63077122257954,2.5694593000007444,6.541366299999936
2,6,1714.1800305843353,169074,127,168448,1.9399285316467285,65.46632926327175,1.8099273999978323,3.6984780999991926
2,6,1717.2730340957642,169648,89,168960,1.0827929973602295,82.19484261255431,1.9530573999945773,2.983736999995017
2,6,1720.0864036083221,170073,89,169472,1.033635139465332,86.10388385793172,1.767465799995989,2.7466801999980817
2,6,1722.7393593788147,170541,89,169984,1.0326330661773682,86.18743958051125,1.6066647000043304,2.5841574000005494
2,6,1732.2096078395844,170975,605,170496,7.796939849853516,77.59454499464509,1.6609460999970906,9.403851499999291
2,6,1736.8096268177032,171657,180,170752,2.117990255355835,84.98622670469224,2.4382148000004236,4.504912299998978
2,6,1742.7593660354614,171914,313,171520,4.436864137649536,70.54531991277385,1.467795100004878,5.853668800002197
2,6,1746.9829840660095,172304,201,171776,2.712344169616699,74.1056397825814,1.4924116999973194,4.150329000003694
2,6,1749.3913576602936,172582,99,172288,1.264162540435791,78.31271441239828,1.1204156999956467,2.3301776999942376
2,6,1757.0811214447021,172984,269,172544,3.3451998233795166,80.41373137711112,1.748656799994933,5.042875699997239
2,6,1760.749783039093,173651,112,172800,1.3856830596923828,80.82656363343551,2.2594026000006124,3.598112499996205
2,6,1767.6533477306366,174155,381,173568,5.092416763305664,74.817128626503,1.7803253999954904,6.82015870000032
2,6,1782.6957392692566,174615,952,174080,13.4212327003479,70.93238164146595,1.5981492999999318,14.965282500001194
2,6,1786.4203186035156,175646,86,174592,1.101135492324829,78.10119699114236,2.5836883000010857,3.6273466999991797
2,6,1831.0664410591125,176096,157,175616,2.3618123531341553,66.47437498227113,1.9725717000037548,4.281503199999861
2,6,1838.6659336090088,176666,452,175872,5.470431089401245,82.62602939569663,2.1048592000006465,7.522916300003999
2,6,1841.9797518253326,177197,125,176640,1.6702558994293213,74.83883160820382,1.6275606999988668,3.2439010000016424
2,6,1848.0538313388824,177798,310,177152,4.068323850631714,76.19845700136787,1.9906764999977895,6.005018599993491
2,6,1852.9420115947723,178187,144,177664,2.1965200901031494,65.55824399185792,2.667326700000558,4.8135588000004645
2,6,1911.9606668949127,178628,982,178176,12.479085922241211,78.69166108150615,2.0245278000002145,14.450354100001277
2,6,1924.9275546073914,179921,234,178432,3.653106212615967,64.05507707163927,4.014185500003805,7.612698700002511
2,6,1928.263076543808,180450,91,179712,1.1121442317962646,81.82391941468111,2.1769352999981493,3.2422805999958655
2,6,1935.829519033432,180808,370,180224,5.723339080810547,64.64757631441961,1.8305410000029951,7.501110700002755
2,6,1938.404373407364,181257,82,180736,1.04960036277771,78.12497299733347,1.4895338000060292,2.486713000005693
2,6,1989.8447086811066,181635,371,181248,4.941937208175659,75.07177537307409,1.8218573999984073,6.711254800000461
2,6,1992.8875861167908,182085,86,181504,1.2064850330352783,71.2814478797478,1.7990071000021999,2.9533137000034912
2,6,2046.3661887645721,182291,422,182016,6.826972723007202,61.813634991954956,1.52355759999773,8.296279900001537
2,6,2052.198554992676,182790,342,182272,4.2136921882629395,81.1639732376813,1.5664016000009724,5.7282383999991
2,6,2054.8629682064056,183211,84,182784,1.0291597843170166,81.61997901593588,1.6068330999987666,2.5813529000006383
2,6,2074.697520017624,183612,104,183040,1.2793478965759277,81.29141438255198,2.0598747999974876,3.285789100002148
2,6,2082.8058121204376,184019,286,183552,3.5898990631103516,79.66797811641105,1.939048799999,5.475922399993578
2,6,2091.44512963295,184711,466,183808,6.083252906799316,76.60375248892692,2.52951700000267,8.558653400003095
2,6,2097.526871442795,185256,280,184576,3.9685418605804443,70.55488132335003,2.061224900004163,5.984763800006476
2,6,2110.102167367935,185614,591,185088,9.773220539093018,60.47136638695421,2.774516700003005,12.49495190000016
2,6,2116.4986131191254,186280,295,185600,4.295305967330933,68.67962427908495,2.060730199998943,6.3007514999990235
2,6,2119.9107990264893,186650,137,186112,1.6827733516693115,81.41322172953117,1.702877300005639,3.3298972000047797
2,6,2143.3614308834076,186874,255,186624,3.1122212409973145,81.93504903857188,1.456139699999767,4.514658600004623
2,6,2148.2683897018433,187247,254,186624,2.9996461868286133,84.67665323840824,1.8899614000038127,4.835827499999141
2,6,2165.1238317489624,187914,947,187136,14.76892352104187,64.12112559529282,2.050128399998357,16.76684569999634
2,7,2172.3502175807953,189392,100,187904,1.3676950931549072,73.11571160888404,4.0407248999981675,5.350042300000496
2,7,2178.241863012314,189528,298,189184,4.4355223178863525,67.18487218479494,1.3833543000000645,5.760995399999956
2,7,2181.9798624515533,190254,113,189440,1.5036911964416504,75.14840830843747,2.1999280999953044,3.648968599998625
2,7,2186.7059104442596,190447,291,190208,3.5470774173736572,82.03937094089801,1.1400056999991648,4.630581700002949
2,7,2193.0343697071075,190818,280,190208,4.379503965377808,63.93418117977322,1.9135634999984177,6.247522199999366
2,7,2200.2674055099487,191178,441,190720,5.426701784133911,81.26483037806777,1.7550667000032263,7.12671070000215
2,7,2210.9215235710144,191698,649,190976,8.345564365386963,77.76586119109123,2.2820420999996713,10.569995700003346
2,7,2221.7330656051636,192426,647,191488,8.165289640426636,79.2378505223722,2.618360100001155,10.72864689999551
2,7,2226.4460480213165,193152,164,192256,2.192756175994873,74.79171728958498,2.4670473000005586,4.604601099999854
2,7,2229.1327252388,193395,89,193024,1.2138640880584717,73.31957578739481,1.437297500000568,2.596196400001645
2,7,2233.0719668865204,193520,221,193280,2.7388947010040283,80.6894839436454,1.1709316999986186,3.8536593000026187
2,7,2239.412879228592,193822,364,193280,4.5551252365112305,79.90998734401154,1.7597967999972752,6.261927400002605
2,7,2245.1576628684998,194539,276,193792,3.3951351642608643,81.29278707526403,2.3091751000029035,5.6461834000001545
2,7,2322.9897968769073,195259,5062,194304,75.1186089515686,67.3867643537387,2.6739100999984657,77.73721519999526
2,7,2343.8188769817352,200388,569,195072,8.712247610092163,65.31035680630532,12.064657199996873,20.730464100000972
2,7,2348.5488018989563,201036,167,200192,2.2373015880584717,74.6434905742513,2.4681475999968825,4.647488800001156
2,7,2352.502957344055,201284,202,200960,2.5255484580993652,79.98262688335736,1.404733600000327,3.874377000000095
2,7,2355.793582201004,201567,135,201216,1.8138222694396973,74.42846097688638,1.4549299999998766,3.2091963999992004
2,7,2359.5586652755737,201781,196,201472,2.475900888442993,79.16310419164537,1.2643976000035764,3.6844944000040414
2,7,2400.1270570755005,202056,2723,201728,39.13412523269653,69.5812154688189,1.4137483000013162,40.49125180000556
2,7,2404.277743577957,204855,97,203776,1.2486274242401123,77.68530317122588,2.8523786000005202,4.043920200005232
2,7,2418.0885791778564,205414,736,204800,10.080544710159302,73.01192754576545,2.2104143999968073,12.231128999999783
2,7,2426.666922569275,206229,398,205312,5.823429822921753,68.34460311231396,2.719024099998933,8.486526500004402
2,7,2430.3403458595276,206977,83,206080,1.0566613674163818,78.54928982871908,2.5842802000042866,3.584671700002218
2,7,2433.9478707313538,207126,107,206848,1.5057036876678467,71.06311877719453,1.2332354000027408,2.6922048999986146
2,7,2442.278001308441,207425,312,207104,4.027064323425293,77.4757925233791,1.5399605000056908,5.509990500002459
2,7,2452.4668624401093,208181,571,207360,7.806289196014404,73.14614993914535,2.3509333999973023,10.098012299997208
2,7,2460.7526471614838,208829,414,208128,5.98166036605835,69.21155242266083,2.2467254000002868,8.171238100003393
2,7,2466.4579243659973,209320,259,208640,3.4157094955444336,75.82612055792458,2.238065000005008,5.596102500006964
2,7,2470.3398582935333,209656,150,209152,1.9407658576965332,77.28907606507094,1.896302299996023,3.776875999996264
2,7,2474.088567495346,209883,119,209408,1.7982556819915771,66.17523925641481,1.8740395000058925,3.6142557000057423
2,7,2476.9774446487427,210064,89,209664,1.1416358947753906,77.9583056273035,1.695361199999752,2.779288400000951
2,7,2489.554341316223,210748,782,209920,10.150423288345337,77.04112210747786,2.378701599998749,12.472261299997626
2,7,2500.844393491745,211607,637,210688,8.474453210830688,75.16709151050462,2.7698686000003363,11.187385899997025
2,7,2513.3794906139374,212321,698,211456,9.92132043838501,70.35353855717418,2.563296899999841,12.431658399997104
2,7,2517.5908110141754,213096,99,212224,1.5228002071380615,65.01181148777212,2.6239314999984344,4.087006499998097
2,7,2524.004669189453,213518,117,212992,1.670194149017334,70.05173624206351,1.9107358000037493,3.5245013000021572
2,7,2526.875985622406,214017,91,213504,1.207634687423706,75.35391368571388,1.6090605999997933,2.7586389999996754
2,7,2541.4268450737,214384,782,213504,11.904879093170166,65.68735338510356,2.598241900006542,14.442011200000707
2,7,2545.6155886650085,215245,84,214272,1.1501595973968506,73.03334266837116,3.0117480999979307,4.1030853999982355
2,7,2569.4911003112793,215731,218,215040,3.28761887550354,66.30938933473868,2.6891137000056915,5.91544110000541
2,7,2573.118800640106,216006,105,215552,1.5916812419891357,65.96798230076566,1.878847300002235,3.410348500001419
2,7,2583.515764951706,216263,581,215808,8.443406105041504,68.81109267657854,1.8739233000014792,10.25799890000053
2,7,2594.353082180023,217051,200,216064,3.253079652786255,61.480203790491416,3.329870599998685,6.522912299995369
2,7,2597.3765556812286,217287,61,216832,0.9514813423156738,64.11055822864677,1.8870231000037165,2.787901600000623
2,7,2601.420530796051,217479,129,217088,2.1903038024902344,58.89593939130056,1.802568400002201,3.931778400001349
2,7,2606.5201523303986,218660,76,217344,1.3391594886779785,56.752015456372106,3.729409100000339,5.007997699998668
2,7,2609.1932978630066,218834,87,218624,1.2071795463562012,72.06881549857621,1.2938299999950686,2.439649099993403
2,7,2625.2162487506866,219043,755,218624,14.211087942123413,53.12752993119458,1.7884602999984054,15.935754999998608
2,7,2630.1389560699463,219873,114,218880,1.74456787109375,65.34569499352762,3.151999799993064,4.83273509999708
2,7,2641.3783736228943,220175,459,219648,6.714377164840698,68.36077103376275,4.5409001000007265,11.148560100002214
2,7,2648.5874190330505,220709,322,220160,5.181739568710327,62.141293619691105,1.9727665000027628,7.0927538000032655
2,7,2653.151003599167,221106,187,220672,2.7364211082458496,68.33743513982544,1.79359100000147,4.467398100001446
2,7,2661.6620016098022,221368,438,220928,6.646592140197754,65.89843197253387,1.8027080000028946,8.39555040000414
2,7,2669.776733636856,221884,352,221184,5.61754298210144,62.66084676548785,2.429506100001163,7.9853548999963095
2,7,2675.3213844299316,222314,240,221696,3.3762052059173584,71.0857265368113,2.1381675000011455,5.455253499996616
2,7,2679.705955028534,222904,137,222208,2.0142300128936768,68.01606525720639,2.3354323000021395,4.293088600003102
2,7,2706.0085668563843,223120,275,222720,3.5464539527893066,77.5422446367056,2.145531000001938,5.63172510000004
2,7,2725.8625440597534,223838,951,222976,17.191938161849976,55.31662521392327,2.6375888000038685,19.77031550000538
2,8,2735.0038392543793,225350,132,223744,2.128289222717285,62.021645644321545,4.68496839999716,6.75100989999919
2,8,2741.9332621097565,226424,209,225280,3.51641583442688,59.4355189604769,3.2994658000025083,6.756500700001197
2,8,2813.6744589805603,227000,4609,226304,69.32870984077454,66.48039478284497,2.3613659999973606,71.63196340000286
2,8,2818.7139496803284,231687,90,230400,1.3316726684570312,67.58417600045833,3.644747799997276,4.923670700001821
2,8,2839.1833894252777,232216,87,231680,1.3766703605651855,63.19595633938292,2.418758699997852,3.736297499999637
2,8,2850.505931377411,232345,545,232192,10.16807222366333,53.59914721412636,1.0957613999999012,11.201639400002023
2,8,2963.16832447052,233631,6301,232192,108.22920894622803,58.21903404219236,4.340680399996927,112.50479389999964
2,8,2982.6086344718933,19663,85,0,0.697106122970581,121.93265443974178,17.644139000003634,18.311911900003906
2,8,2993.2777943611145,25522,578,19456,4.533031702041626,127.50848394456968,6.132314400005271,10.627820400004566
2,8,2995.8040895462036,26180,172,25600,1.6692001819610596,103.0433628385577,0.8372231000030297,2.472681300001568
2,8,2997.5544900894165,26675,107,26112,0.8070938587188721,132.57441974573416,0.8036245999974199,1.5808634999993956
2,8,3000.9689071178436,27731,228,26624,2.0507287979125977,111.1799864672878,1.3284829999975045,3.3466352000032202
2,8,3023.601277589798,28388,560,27648,5.6680309772491455,98.79974231753118,1.3360301000066102,6.970143800004735
2,8,3026.8628027439117,29028,273,28160,2.101203441619873,129.92554390142115,1.1447960000004969,3.2118345000053523
2,8,3047.669223546982,29731,148,28928,1.1756203174591064,125.89098521185444,1.3878782999963732,2.5331151999998838
2,8,3051.9233078956604,29903,111,29696,0.8821160793304443,125.83377925074522,0.6759787000046344,1.5239910000018426
2,8,3057.3945801258087,30273,218,29696,1.7402057647705078,125.27254214029631,1.021605099995213,2.7303505999952904
2,8,3058.7230501174927,30783,62,30208,0.4853811264038086,127.7346741093094,0.8396416000032332,1.2889293000043835
2,8,3063.0765976905823,32689,217,30720,2.046668291091919,106.02597447983534,2.283475999996881,4.29362029999902
2,8,3066.3577020168304,33249,267,32768,2.252943754196167,118.51161375098934,0.8419916000057128,3.062398800000665
2,8,3068.584311246872,33565,149,33024,1.2563574314117432,118.59682306536902,0.8417153000045801,2.0667960999999195
2,8,3071.0696268081665,33761,231,33536,1.8936378955841064,121.98741931532076,0.46994809999887366,2.332663399996818
2,8,3079.158151626587,34283,762,33536,7.003061771392822,108.80955000464714,1.0788221999973757,8.048268399994413
2,9,3084.441760778427,35593,132,34048,1.1661529541015625,113.19269872423945,2.03337620000093,3.165063200001896
2,9,3088.695435523987,36951,208,35584,1.7372236251831055,119.73127522835556,1.8117177000021911,3.5100573000017903
2,9,3096.8877670764923,43076,147,36864,1.1901421546936035,123.51465698468975,6.962168499994732,8.119272199997795
2,9,3104.74893450737,48712,96,43008,1.1206648349761963,85.66343567123627,6.707740900004865,7.795515500001784
2,9,3126.652949810028,64640,284,48640,2.5285487174987793,112.31739299092112,19.364709699999366,21.85320180000417
2,9,3141.829521894455,74477,219,64512,2.004038095474243,109.27935975597062,13.137519200005045,15.098042300000088
2,9,3145.1769437789917,75848,78,74240,0.8104841709136963,96.23877035385773,2.504476500005694,3.27152550000028
2,9,3158.5187146663666,80501,578,75776,6.64742374420166,86.95097864103688,6.687666900004842,13.294088400005421
2,9,3168.5618777275085,81500,845,80384,8.140348196029663,103.80391349993315,1.8387933000049088,9.949159600000712
2,9,3174.305817604065,82424,403,81408,3.954409122467041,101.91155935544171,1.768195899996499,5.681141999993997
2,9,3178.1120591163635,82906,262,82176,2.3479599952697754,111.58622826957355,1.4465238000047975,3.752257500003907
2,9,3186.9557514190674,83247,813,82688,7.694931507110596,105.65396186421378,1.1149128999968525,8.768549299995357
2,9,3196.0632672309875,84139,803,83200,7.40819239616394,108.39351316196971,1.6880537000033655,9.052614400003222
2,9,3211.2894463539124,85021,1217,83968,13.3909170627594,90.88249850971886,1.8315596000029473,15.179306999998516
2,9,3222.0619037151337,86303,963,86016,9.756237030029297,98.7060889394062,0.8159959000040544,10.52845520000119
2,9,3228.2953758239746,87571,301,86272,3.7349889278411865,80.58926165919779,2.2812177000014344,5.973766000002797
2,9,3235.1160349845886,87952,536,87552,5.738523483276367,93.40381747361515,1.0525571999969543,6.749801899997692
2,9,3243.390914440155,88568,664,87808,6.686673879623413,99.3019866010567,1.5789289000022109,8.22128910000174
2,9,3250.482255935669,89676,424,88320,4.326108455657959,98.00956317807194,2.5076313999961712,6.78775059999316
2,9,3256.3123791217804,90678,322,89600,3.8503222465515137,83.62936382490965,1.9643858000054024,5.768682699999772
2,9,3259.6010687351227,91083,147,90624,1.8114476203918457,81.15056617988297,1.2472268999990774,3.0157952000008663
2,9,3262.2400493621826,91249,143,90880,1.4640517234802246,97.67414477684711,1.0115915999995195,2.4306194000018877
2,9,3268.367030143738,91476,160,91136,1.6460459232330322,97.20263435040789,1.1912362000002759,2.7928018999955384
2,9,3270.376773118973,91772,89,91392,0.8948709964752197,99.4556761260108,0.9928326999943238,1.8431026999969617
2,9,3277.205111026764,92693,451,91648,4.966026067733765,90.8170826831388,1.849822399999539,6.772453500001575
2,9,3279.600272655487,93222,109,92672,1.1782302856445312,92.51162640109303,1.200346300000092,2.3333765999996103
2,9,3281.5367653369904,93476,114,93184,1.113985538482666,102.3352602541652,0.8181126999988919,1.8891328000026988
2,9,3283.434244155884,93668,115,93440,1.1757137775421143,97.81292198549632,0.7144071000002441,1.848522200001753
2,9,3308.9679403305054,93834,1842,93440,21.00846290588379,87.67895148978822,1.3062496999991708,22.285317199995916
2,9,3311.516820907593,96091,113,95488,1.2003834247589111,94.13658808450748,1.3285768999994616,2.4823583000033977
2,9,3316.657679796219,96296,431,96000,4.0918474197387695,105.33139577025474,0.8345569000011892,4.885326600000553
2,9,3343.681235074997,97332,2195,96256,25.102396726608276,87.44184963315965,1.8890963000012562,26.94849119999708
2,9,3347.110940694809,99602,109,98304,1.0620441436767578,102.63226877052963,2.3486733000027016,3.3675609000056284
2,9,3362.7819259166718,100135,500,99584,7.477071046829224,66.87110459008322,1.5367718999987119,8.969680000001972
2,9,3371.7222213745117,100708,529,100096,6.476430177688599,81.68080029989564,1.5658193999988725,7.990925500002049
2,9,3377.1618869304657,101314,379,100608,3.7403244972229004,101.32810676758079,1.6500302000058582,5.348025900006178
2,9,3380.3805544376373,101770,167,101120,1.6278510093688965,102.58924129963493,1.5593293999991147,3.1421107000060147
2,9,3387.2036023139954,102014,371,101632,5.743736982345581,64.59209416105506,1.0503089999983786,6.752076199998555
2,9,3391.407990217209,102462,206,101888,2.544541120529175,80.95762270768856,1.5888300000005984,4.087414699999499
2,9,3400.3533108234406,102745,665,102400,7.577026844024658,87.76529550300164,1.2760563000047114,8.805559000000358
2,9,3406.5330708026886,103487,310,102656,4.264898061752319,72.6863797238404,1.8740197000006447,6.082465499996033
2,9,3414.6305599212646,104213,439,103424,5.92590856552124,74.08146702671674,2.11678579999716,7.999623399999109
2,9,3419.693233013153,104729,214,104192,2.8602688312530518,74.81814214863468,2.1009130000020377,4.91353589999926
2,9,3423.0148220062256,105020,161,104704,2.1170341968536377,76.04978712166303,1.1373113000008743,3.1945418999966932
2,9,3431.273817062378,105258,386,104960,7.106473684310913,54.31667197363708,1.0902845000018715,8.138390400003118
2,9,3434.077475786209,105812,88,105216,0.8745083808898926,100.62796643578409,1.71434230000159,2.5432720000026166
2,9,3437.8278303146362,106000,292,105728,2.9513723850250244,98.93702383392198,0.7793033000052674,3.7025035000042408
2,9,3441.807498216629,106369,213,105984,2.9110875129699707,73.1685320523709,1.056001600001764,3.9238706000032835
2,9,3447.0948400497437,106744,287,106240,3.9615609645843506,72.44619041981908,1.2888621000020066,5.204498600003717
2,9,3496.8794271945953,107218,2419,106496,29.421202898025513,82.21961584590213,1.9869333999959053,31.364498199996888
2,9,3500.57821559906,109714,137,108544,1.4013774394989014,97.76095728284871,2.27444330000435,3.6282625000021653
2,9,3507.916782617569,110896,203,109568,2.4287948608398438,83.58054575667433,2.7040720000004512,5.088030400002026
2,9,3517.3864800930023,111738,580,110848,7.611629962921143,76.19918503991639,1.8407492999976967,9.402838800000609
2,9,3522.3745608329773,112590,194,111616,2.1966381072998047,88.31677796870808,2.054558100004215,4.2050416999991285
2,9,3526.990616083145,112865,312,112384,3.2769341468811035,95.21094596818587,1.305249700002605,4.537005699996371
2,9,3531.073610305786,113258,224,112640,2.622481346130371,85.41528820806504,1.4502861000000848,4.028039600001648
2,9,3533.4848926067352,113523,116,113152,1.3244130611419678,87.58596800606878,1.0785280999989482,2.3549217999971006
2,9,3536.892783164978,113902,198,113408,2.071288585662842,95.59266698543466,1.3270981000023312,3.353258499999356
2,9,3541.3194131851196,114179,273,113664,3.2606427669525146,83.72582325390808,1.1502484000011464,4.366770399996312
2,9,3543.9053156375885,114531,140,114176,1.5034081935882568,93.12174870209749,1.0559023000023444,2.513850099996489
2,9,3556.189426422119,115237,508,114432,7.921260356903076,64.13120855916539,1.8870121999934781,9.762277899993933
2,9,3562.529529094696,116165,392,115200,4.226589918136597,92.74616359583413,2.0625433000022895,6.243766200001119
2,9,3568.876097679138,116638,429,115968,4.737363338470459,90.55670197728811,1.5945327000008547,6.2826516999994055
2,9,3577.5064220428467,117206,438,116480,6.175906181335449,70.92076646560861,1.700194900004135,7.847897500003455
2,9,3582.537969350815,117708,286,116992,3.1626858711242676,90.4294677543594,1.7185852999973577,4.832906999996339
2,9,3586.821243286133,118071,253,117504,2.788482427597046,90.73035479661274,1.3371489999990445,4.081884100000025
2,9,3589.412462234497,118399,88,118016,1.1372551918029785,77.37929062384565,1.4142217999979039,2.4879644000029657
2,9,3596.8894515037537,118534,369,118272,6.183410406112671,59.67580603015149,1.0801538999949116,7.213633999999729
2,9,3602.7413268089294,119080,301,118528,4.194478511810303,71.7610065595713,1.578963100000692,5.717518400000699
2,9,3605.331515789032,119458,90,119040,1.0810375213623047,83.25335450575625,1.4591419999997015,2.492786700000579
2,9,3613.8731966018677,119588,471,119296,6.874852895736694,68.51055682836231,1.1210174999941955,7.939881099999184
2,9,3617.3425295352936,120475,90,119552,1.0629799365997314,84.66763755475264,2.336229100001219,3.349966299996595
2,9,3628.310260772705,120636,533,120320,9.134364366531372,58.35107716448563,1.2468217999994522,10.332758900003682
2,9,3632.1090552806854,121248,151,120576,1.7663044929504395,85.48922374520444,1.9295671999934711,3.6494572999945376
2,9,3638.99662899971,121812,224,121088,2.5472538471221924,87.93783951021143,1.9977001999941422,4.497228799998993
2,9,3650.2748081684113,122104,452,121600,5.1691813468933105,87.44131220539458,1.6104820000036852,6.732167300004221
2,9,3658.441859960556,122747,484,121856,5.5218634605407715,87.65156970263088,1.9029259000017191,7.375020800005586
2,9,3696.0577516555786,123861,2274,122624,34.988828897476196,64.99217240631988,2.624926600001345,37.550611099999514
2,9,3717.506495475769,126213,1550,124672,18.080368041992188,85.72834338328066,3.300210200002766,21.33481220000249
2,9,3721.281760931015,127843,128,126720,1.3848180770874023,92.4309135747376,2.321697799998219,3.682286199997179
2,9,3730.585207223892,128270,571,127744,6.684853792190552,85.41697660868208,1.2471344000005047,7.886718400004611
2,9,3733.5432987213135,128921,121,128256,1.2834300994873047,94.2786054716468,1.6606859999956214,2.8949970999965444
2,9,3756.9199664592743,129327,1737,128768,20.679821014404297,83.99492426893406,1.3707942000037292,22.006190400003106
2,9,3759.2608845233917,131140,111,130816,1.1995453834533691,92.53505663990994,1.1193917999989935,2.270826299994951
2,9,3773.0775232315063,131409,600,131072,8.219404220581055,72.9979915694649,1.3749519999983022,9.544055999998818
2,9,3778.256378173828,132086,224,131328,3.2783901691436768,68.32621757724137,1.847026299998106,5.075070799997775
2,9,3786.8955204486847,132438,210,131840,2.7158801555633545,77.32299953288614,1.7804697000028682,4.449574099999154
2,9,3809.469927549362,133147,441,132352,4.93487811088562,89.36390931869592,2.1850313000031747,7.071885600002133
2,9,3813.18923163414,134246,111,133120,1.2255182266235352,90.57392830934852,2.47737970000162,3.651602700003423
2,9,3821.7526614665985,134409,227,134144,2.6133573055267334,86.86144811501279,1.1441794999991544,3.709246999998868
2,9,3863.5143518447876,134758,139,134400,1.680128574371338,82.73176358065949,1.434584199996607,3.0689837000027183
2,9,3881.9948828220367,138700,680,134656,10.928170919418335,62.224502619345365,7.517158099995868,18.397043400000257
2,9,3913.323970079422,140545,1769,138752,27.804659128189087,63.62243075321653,3.4560734999977285,31.210175100000924
2,9,3930.712166070938,142390,840,138752,10.47432541847229,80.19609535126668,6.8747609999991255,17.318188299999747
2,9,3941.12384223938,143305,677,142848,8.913845777511597,75.94926105946074,1.4708918000033009,10.335049299996172
2,9,3946.5777871608734,144057,269,143104,3.1969990730285645,84.14140694297178,2.220129499997711,5.3664942999967025
2,9,3994.865880250931,144492,307,143872,3.636139392852783,84.43020655463346,2.0013870999973733,5.588130099997215
2,9,4005.8435661792755,145263,203,144384,2.8205864429473877,71.97084865368423,2.3483864000008907,5.120374999998603
2,9,4012.847809314728,145891,438,145152,4.935399770736694,88.74661027400843,1.918411800004833,6.804527600004803
2,9,4030.2074885368347,146988,1058,145664,14.495801448822021,72.98665090959678,2.8514563999997335,17.297677299997304
2,10,4035.8955092430115,148619,157,147712,1.8310205936431885,85.74452987861623,2.376325999997789,4.1573088000004645
2,10,4042.397020339966,149241,293,148480,3.773284673690796,77.65117804202282,1.9663264999981038,5.688873399994918
2,10,4046.190813064575,150078,122,148992,1.3661494255065918,89.30209076855579,2.395949500001734,3.7106531000026735
2,10,4054.714264392853,150261,214,150016,2.3741567134857178,90.13726801791736,1.284160499999416,3.606651199996122
2,10,4096.937854766846,150600,200,150016,2.3506460189819336,85.08299351963684,1.928301100000681,4.231269500000053
2,10,4101.865979909897,150972,268,150528,3.465424060821533,77.33541272188963,1.4201981000005617,4.836833099994692
2,10,4135.205262899399,151477,432,150784,5.6067705154418945,77.04970246422724,2.1695668999964255,7.74426069999754
2,10,4146.551010608673,152302,151,151296,2.0016350746154785,75.43832635377238,2.8080982999963453,4.759672899999714
2,10,4167.546572446823,152473,1439,152064,18.463748693466187,77.9365027053917,1.385512100001506,19.800857900001574
2,10,4187.4713134765625,154013,1398,152320,15.66654920578003,89.23471159074525,3.7339159000039217,19.348087400001532
2,10,4195.891129732132,155585,328,154368,4.953266859054565,66.2189236585177,2.781461599995964,7.682189799998014
2,10,4205.064979553223,156986,355,155392,5.478236675262451,64.80187349389988,3.464747600002738,8.891802900005132
2,10,4209.1429607868195,157667,107,156928,1.4285826683044434,74.89941070543449,2.02993879999849,3.4084912999969674
2,10,4215.694354295731,158296,324,157440,4.368544816970825,74.16657344141969,2.1682743999990635,6.48431829999754
2,10,4222.754487276077,158938,269,158208,4.401193141937256,61.1197898671621,2.0349613999933354,6.383614399994258
2,10,4228.455926418304,159457,226,158720,3.4092845916748047,66.28956718716695,2.063074500001676,5.421327800002473
2,10,4236.014234542847,160252,308,159232,4.870079278945923,63.243323641881936,2.5129426999992575,7.3312962999989395
2,10,4243.24825668335,160810,377,160000,5.035218715667725,74.87261652148624,2.015700800002378,6.997355799998331
2,10,4251.995252609253,161349,489,160768,6.671712875366211,73.29452108251267,1.7022294999987935,8.321796200005338
2,10,4256.630403995514,161963,176,161280,2.3611297607421875,74.54058769928719,1.938945900001272,4.262426500004949
2,10,4262.992646932602,162245,358,161792,4.616387367248535,77.54981796802196,1.590856499999063,6.154142799998226
2,10,4271.129106044769,162699,436,162048,6.063170909881592,71.9095678614995,1.9070898999998462,7.919599699998798
2,10,4275.329144954681,163567,108,162560,1.617250680923462,66.77999970810413,2.5482542000027024,4.113431400000991
2,10,4287.506130456924,163711,677,163328,10.82997989654541,62.51165805173398,1.333089600004314,12.113481500004127
2,10,4305.063062906265,164463,988,163584,15.291032552719116,64.61303359296751,2.236642700001539,17.47505049999745
2,10,4315.453710317612,165526,567,164352,7.519805192947388,75.40088944481876,2.849739299999783,10.318066100000578
2,10,4320.123116731644,166168,179,165376,2.5908854007720947,69.08835101184222,2.0347512000007555,4.573403199996392
2,10,4373.56275844574,166389,3165,166144,47.37612843513489,66.80579660141215,1.3437804999994114,48.666555199997674
2,10,4380.79673075676,169629,282,168192,3.7322051525115967,75.558547420746,3.4770358000023407,7.157166600001801
2,10,4430.065263748169,170054,306,169472,3.8678336143493652,79.11405466480345,2.228371799996239,6.042890600001556
2,10,4435.414659976959,170444,284,169984,3.437530517578125,82.61744835361903,1.674074999995355,5.058084399999643
2,10,4449.267072677612,171159,783,170240,11.333075046539307,69.08980985166058,2.4895632000043406,13.783413900004234
